Number,Type,Name,Route
(100) 44000,IC,MORAVIA,WienHbf_Břeclav_Přerov_Ostravahl.n._Bohumin_Chałupki_Racibórz_Gliwice_Katowice
(101) 40001,IC,MORAVIA,Katowice_Gliwice_Racibórz_Chałupki_Bohumin_Ostravahl.n._Přerov_Břeclav_WienHbf
(102) 41002/3,IC,POLONIA,WienHbf_Břeclav_Přerov_Ostravahl.n._Bohumin_PetroviceuKarviné_Zebrzydowice_Pszczyna_Tychy_Katowice_Zawiercie_WarszawaCentr._WarszawaWsch.
(103) 14002/3,IC,POLONIA,WarszawaWsch._WarszawaCentr._Zawiercie_Katowice_Tychy_Pszczyna_Zebrzydowice_PetroviceuKarviné_Bohumin_Ostravahl.n._Přerov_Břeclav_WienHbf
(104) 43002/3,IC,PORTA MORAVICA,GrazHbf_Brucka.d.Mur_WienerNeustadt_WienHbf_Břeclav_Přerov_Ostravahl.n._Bohumin_Chałupki_WodzisławŚl._Mikołów_Katowice_KrakówGł._RzeszówGł._PrzemyślGł.
(104) 43002/3,IC,PORTA MORAVICA,GrazHbf_Brucka.d.Mur_WienerNeustadt_WienHbf_Břeclav_Přerov_Ostravahl.n._Bohumin_Chałupki_WodzisławŚl._Mikołów_Katowice_KrakówGł._RzeszówGł._PrzemyślGł.
(105) 34002/3,IC,PORTA MORAVICA,PrzemyślGł._RzeszówGł._KrakówGł._Katowice_Mikołów_WodzisławŚl._Chałupki_Bohumin_Ostravahl.n._Břeclav_WienHbf_WienerNeustadt_Brucka.d.Mur_GrazHbf
(105) 34002/3,IC,PORTA MORAVICA,PrzemyślGł._RzeszówGł._KrakówGł._Katowice_Mikołów_WodzisławŚl._Chałupki_Bohumin_Ostravahl.n._Břeclav_WienHbf_WienerNeustadt_Brucka.d.Mur_GrazHbf
(106) 45000/1,IC,SOBIESKI,WienHbf_Břeclav_Přerov_Ostravahl.n._Bohumin_Chałupki_Rybnik_Tychy_Katowice_SosonowiecGł._Zawiercie_WarszawaCentr._Działdowo_Tczew_GdańskGł._GdyniaGł.
(107) 54000/1,IC,SOBIESKI,GdyniaGł._GdańskGł._Tczew_Działdowo_WarszawaCentr._Zawiercie_SosonowiecGł._Katowice_Tychy_Rybnik_Chałupki_Bohumin_Ostravahl.n._Přerov_Břeclav_WienHbf
(108) 14008/9,IC,SILESIA,WarszawaWsch._WarszawaCentr._WłoszczowaPłn._Katowice_Tychy_WodzisławŚl._Chałupki_Bohumin
(109) 41008/9,IC,SILESIA,Bohumin_Chałupki_WodzisławŚl._Rybnik_Tychy_Katowice_Zawiercie_WłoszczowaPłn._OpocznoPłd._WarszawaGdańska_WarszawaWsch.
(110) 14008/9,IC,SILESIA,WarszawaWsch._WarszawaCentr._WłoszczowaPłn._Katowice_Tychy_WodzisławŚl._Chałupki_Ostrava_Svinov
(111) 41008/9,IC,SILESIA,Ostrava_Svinov_Chałupki_WodzisławŚl._Rybnik_Tychy_Katowice_Zawiercie_WłoszczowaPłn._OpocznoPłd._WarszawaGdańska_WarszawaWsch.
(112) 14006/7,IC,SILESIA,WarszawaWsch._WarszawaCentr._OpocznoPłd._WłoszczowaPłn._Katowice_Tychy_WodzisławŚl._Chałupki_Bohumin_Ostravahl.n._Olomouchl.n._ČeskáTřebová_Kolín_Praha_Vršovice
(113) 41006/7,IC,SILESIA,Praha_Vršovice_Kolín_ČeskáTřebová_Olomouchl.n._Ostravahl.n._Bohumin_Chałupki_WodzisławŚl._Tychy_Katowice_WłoszczowaPłn._OpocznoPłd._WarszawaCentr._WarszawaWsch.
(114) 34000/1,IC,CRACOVIA,PrzemyślGł._RzeszówGł._KrakówGł._Katowice_Tychy_WodzisławŚl._Chałupki_Bohumin_Ostravahl.n._Olomouchl.n._ČeskáTřebová_Kolín_Praha_Vršovice
(115) 43000/1,IC,CRACOVIA,Prahahl.n._Kolín_ČeskáTřebová_Olomouchl.n._Ostravahl.n._Bohumin_Chałupki_WodzisławŚl._Tychy_Katowice_KrakówGł._RzeszówGł._PrzemyślGł.
(116) 14000/1,IC,SILESIA,WarszawaWsch._WarszawaCentr._OpocznoPłd._WłoszczowaPłn._Katowice_Tychy_WodzisławŚl._Chałupki_Bohumin_Ostravahl.n._Olomouchl.n._ČeskáTřebová_Kolín_Praha_Vršovice
(117) 41000/1,IC,SILESIA,Praha_Vršovice_Kolín_ČeskáTřebová_Olomouchl.n._Ostravahl.n._Bohumin_Chałupki_WodzisławŚl._Tychy_Katowice_WłoszczowaPłn._OpocznoPłd._WarszawaCentr._WarszawaWsch.
(130) 41004/5,IC,BATORY,Budapest_Nyugati_Štúrovo_Bratislavahl.st._Kúty_Břeclav_Přerov_Ostravahl.n._Bohumín_Chałupki_Gliwice_Katowice_WłoszczowaPłn._OpocznoPłd._WarszawaCentr._Siedlce_Terespol
(131) 14004/5,IC,BATORY,Terespol_Siedlce_WarszawaCentr._OpocznoPłd._WłoszczowaPłn._Katowice_Gliwice_Racibórz_Chałupki_Bohumín_Ostravahl.n._Přerov_Břeclav_Kúty_Bratislavahl.st._Štúrovo_Budapest_Nyugati
(143) 13000/1,IC,HAŃCZA,Mockava_Trakiszki_Suwałki_Sokółka_Białystok_Małkinia_WarszawaWsch._WarszawaCentr._WarszawaZach._OpocznoPłd._WłoszczowaPłn._KrakówGł.
(144) 31000/1,IC,HAŃCZA,KrakówGł._WłoszczowaPłn._OpocznoPłd._WarszawaZach._WarszawaCentr._WarszawaWsch._Małkinia_Białystok_Sokółka_Suwałki_Trakiszki_Mockava
(212) 34004/5,TLK,GALICJA,KrakówGł._Katowice_Gliwice_Racibórz_Chałupki_Bohumin
(213) 43004/5,TLK,GALICJA,Bohumin_Chałupki_Racibórz_Gliwice_Katowice_KrakówGł.
(23) 22001,TLK, ,Kyiv_Pas._Kharkiv_Kowel_Jagodin_Dorohusk_Chełm
(24) 22002,TLK, ,Chełm_Dorohusk_Jagodin_Kowel_Kyiv_Pas._Kharkiv
(246) 17002/3,EIC,BERLIN - WARSZAWA - EXPRESS,WarszawaWsch._WarszawaCentr._PoznańGł._Rzepin_FrankfurtO_BerlinHbf
(247) 71002/3,EIC,BERLIN - WARSZAWA - EXPRESS,BerlinHbf_FranfurtO_Rzepin_PoznańGł._WarszawaCentr._WarszawaWsch.
(248) 17000/1,EIC,BERLIN - WARSZAWA - EXPRESS,WarszawaWsch._WarszawaCentr._PoznańGł._Rzepin_FrankfurtO_BerlinHbf
(249) 71000/1,EIC,BERLIN - WARSZAWA - EXPRESS,BerlinHbf_FrankfurtO_Rzepin_PoznańGł._WarszawaCentr._WarszawaWsch.
(31) 33002,TLK, ,Zaporizhzhia_Dnipro_Hl._Berdychiv_MostiskaII_Medyka_PrzemyślGł.
(310) 24001/0,TLK,ROZTOCZE,LublinGł._Kraśnik_StalowaWolaRozw._Leżajsk_Rzeszów_Tarnów_KrakówGł._Katowice_Gliwice_Racibórz_Chałupki_Bohumin
(311) 42000/1,TLK,ROZTOCZE,Bohumin_Chałupki_Racibórz_Gliwice_Katowice_KrakówGł._Tarnów_RzeszówGł._Leżajsk_StalowaWolaRozw._Kraśnik_LublinGł.
(32) 33001,TLK, ,PrzemyślGł._Medyka_MostiskaII_Berdychiv_Dnipro_Hl._ZaporizhzhiaI
(35) 33026,TLK, ,OdessaHl._MostiskaII_Medyka_PrzemyślGł.
(36) 33025,TLK, ,PrzemyślGł._Medyka_MostiskaII_OdessaHl.
(40) 17010/1,EIC,BERLIN - WARSZAWA - EXPRESS,WarszawaWsch._WarszawaCentr._PoznańGł._Rzepin_FrankfurtO_BerlinHbf
(402) 54070/1,TLK,WYDMY,Hel_Władysławowo_GdyniaGł._IławaGł._ToruńGł._Inowrocław_ZduńskaWolaKarsznice_Częstochowa_Katowice_Tychy_WodzisławŚl._Chałupki_Bohumin
(403) 45070/1,TLK,WYDMY,Bohumin_Chałupki_WodzisławŚl._Tychy_Katowice_Częstochowa_ZduńskaWolaKarsznice_Inowrocław_ToruńGł._IławaGł._GdyniaGł._Władysławowo_Hel
(404) 84070/1,TLK,PIRAT,Kołobrzeg_Białogard_Szczecinek_PiłaGł._PoznańGł._OstrówWlkp._Kluczbork_Gliwice_Katowice_Knurów_Rybnik_Racibórz_Chałupki_Bohumin
(405) 48070/1,TLK,PIRAT,Bohumin_Chałupki_WodzisławŚl._Rybnik_Knurów_Katowice_Gliwice_Kluczbork_OstrówWlkp._PoznańGł._PiłaGł._Szczecinek_Białogard_Kołobrzeg
(406) 41010/1,IC,CHOPIN,Bohumin_Chałupki_WodzisławŚl._Rybnik_Katowice_KrakówGł._WłoszczowaPłn._OpocznoPłd._WarszawaGdańska_WarszawaWsch.
(407) 14010/1,IC,CHOPIN,WarszawaWsch._WarszawaCentr._OpocznoPłd._WłoszczowaPłn._KrakówGł._Katowice_Rybnik_WodzisławŚl._Chałupki_Bohumin
(41) 71010/1,EIC,BERLIN - WARSZAWA - EXPRESS,BerlinHbf_FrankfurtO_Rzepin_PoznańGł._WarszawaCentr._WarszawaWsch.
(44) 17008/9,EIC,BERLIN - WARSZAWA - EXPRESS,WarszawaWsch._WarszawaCentr._PoznańGł._Rzepin_FrankfurtO_BerlinHbf
(45) 71008/9,EIC,BERLIN - WARSZAWA - EXPRESS,BerlinHbf_FrankfurtO_Rzepin_PoznańGł._WarszawaCentr._WarszawaWsch.
(456) 47010/1,IC,NIGHTJET,GrazHbf_WienHbf_Břeclav_Bohumin_KędzierzynKoźle_OpoleGł._WrocławGł._Legnica_Głogów_ZielonaGóraGł._Rzepin_FrankfurtO_BerlinCharlottenburg
(457) 74010/1,IC,NIGHTJET,BerlinCharlottenburg_FrankfurtO_Rzepin_ZielonaGóraGł._Głogów_Legnica_WrocławGł._OpoleGł._Kędzierzyn_Koźle_Bohumin_Břeclav_WienHbf_GrazHbf
(46) 17006/7,EIC,BERLIN - WARSZAWA - EXPRESS,WarszawaWsch._WarszawaCentr._PoznańGł._Rzepin_FrankfurtO_BerlinHbf
(47) 71006/7,EIC,BERLIN - WARSZAWA - EXPRESS,BerlinHbf_FrankfurtO_Rzepin_PoznańGł._WarszawaCentr._WarszawaWsch.
(48) 17004/5,EIC,BERLIN - WARSZAWA - EXPRESS,WarszawaWsch._WarszawaCentr._PoznańGł._Rzepin_FrankfurtO_BerlinHbf
(49) 71004/5,EIC,BERLIN - WARSZAWA - EXPRESS,BerlinHbf_FrankfurtO_Rzepin_PoznańGł._WarszawaCentr._WarszawaWsch.
(56) 37000/1,IC,WAWEL,PrzemyślGł._Rzeszów_KrakówGł._Katowice_OpoleGł._WrocławGł._Legnica_Głogów_ZielonaGóraGł._Rzepin_FrankfurtO_BerlinHbf
(57) 73000/1,IC,WAWEL,BerlinHbf_FrankfurtO_Rzepin_ZielonaGóraGł._Głogów_Legnica_WrocławGł._OpoleGł._Katowice_KrakówGł._Rzeszów_PrzemyślGł.
(58) 57000/1,IC,GEDANIA,GdyniaGł._GdańskGł._BydgoszczGł._Inowrocław_PoznańGł._Rzepin_FrankfurtO_BerlinHbf
(59) 75000/1,IC,GEDANIA,BerlinHbf_FrankfurtO_Rzepin_PoznańGł._Inowrocław_BydgoszczGł._GdańskGł._GdyniaGł.
(67) 21010/1,IC,KIEV EXPRESS,Kyiv_Pas._Jagodin_Dorohusk_Chełm_Lublin_Dęblin_WarszawaWsch.
(68) 12010/1,IC,KIEV EXPRESS,WarszawaWsch._Dęblin_Lublin_Chełm_Dorohusk_Jagodin_Kyiv_Pas.
(705) 33010,IC, ,Kyiv_Pas._Vinnytsia_LvivHl._Mostiska_Medyka_PrzemyślGł.
(706) 33017,IC, ,PrzemyślGł._Medyka_Mostiska_LvivHl._Vinnytsia_Kyiv_Pass.
(715) 33014,IC, ,Kyiv_Pas._Vinnytsia_LvivHl._Mostiska_Medyka_PrzemyślGł.
(716) 33013,IC, ,PrzemyślGł._Medyka_Mostiska_LvivHl._Vinnytsia_KyivPass.
(89) 33008,TLK, ,Kyiv_Pas._Korosten_LvivHl._Mostiska_Medyka_PrzemyślGł.
(90) 33007,TLK, ,PrzemyślGł._Medyka_Mostiska_LvivHl._Korosten_Kyiv_Pas.
1000/1,IC,NAREW,ŁódźFabr._Koluszki_Skierniewice_WarszawaCentr._Małkinia_Szepietowo_Łapy_Białystok
1002/3,IC,ZAMENHOF,WarszawaCentr._Małkinia_Szepietowo_Łapy_Białystok
10100/1,TLK,ŻUBR,WarszawaWsch._Siedlce_Hajnówka_Białystok
10110/1,TLK,ŻUBR,Białystok_Hajnówka_Siedlce_WarszawaWsch.
1100/1,IC,NAREW,Białystok_Łapy_Szepietowo_Małkinia_WarszawaCentr._Koluszki_Skierniewice_ŁódźFabr.
1102/3,IC,ZAMENHOF,Białystok_Łapy_Szepietowo_Małkinia_WarszawaCentr._WarszawaZach.
11100/1,IC,SKARYNA,WarszawaWsch._Siedlce_Łuków_MiędzyrzecPodl._Terespol
11102/3,IC,MICKIEWICZ,WarszawaWsch._Siedlce_Łuków_MiędzyrzecPodl._Terespol
11104/5,IC,STARZYŃSKI,WarszawaWsch._Siedlce_Łuków_MiędzyrzecPodl._Terespol
11106/7,IC,NIEMCEWICZ,WarszawaWsch._Siedlce_Łuków_MiędzyrzecPodl._Terespol
11110/1,IC,SKARYNA,Terespol_MiędzyrzecPodl._Łuków_Siedlce_WarszawaWsch.
11112/3,IC,MICKIEWICZ,Terespol_MiędzyrzecPodl._Łuków_Siedlce_WarszawaWsch.
11114/5,IC,STARZYŃSKI,Terespol_MiędzyrzecPodl._Łuków_Siedlce_WarszawaWsch.
11116/7,IC,NIEMCEWICZ,Terespol_MiędzyrzecPodl._Łuków_Siedlce_WarszawaWsch.
11150/1,IC,KRASZEWSKI,WarszawaWsch._MińskMaz._Siedlce_Łuków_BiałaPodlaska_Terespol
11150/1,IC,KRASZEWSKI,WarszawaWsch._MińskMaz._Siedlce_Łuków_BiałaPodlaska_Terespol
11152/3,IC,KRASZEWSKI,Terespol_BiałaPodlaska_Łuków_Siedlce_MińskMaz._WarszawaWsch.
11152/3,IC,KRASZEWSKI,Terespol_BiałaPodlaska_Łuków_Siedlce_MińskMaz._WarszawaWsch.
1150/1,IC,NAREW,WarszawaWsch._WarszawaCentr._Koluszki_Skierniewice_ŁódźFabr.
1200/1,IC,CZARTORYSKI,ŁódźFabr._Koluszki_Skierniewice_WarszawaGdańska_WarszawaWsch._Pilawa_Dęblin_PuławyMiasto_LublinGł.
1206/7,IC,RUBINSTEIN,ŁódźFabr._Koluszki_Skierniewice_WarszawaCentr._Pilawa_Dęblin_PuławyMiasto_LublinGł.
12100/1,IC,CHEŁMIANIN,WarszawaWsch._Pilawa_Dęblin_PuławyMiasto_LublinGł._Rejowiec_Chełm
12106/7,IC,REJ,WarszawaWsch._WarszawaGdańska_Warka_RadomGł._Skarżysko_Kamienna_Kielce
12110/1,IC,NIDA,WarszawaWsch._WarszawaGdańska_WarszawaMłynów_Warka_RadomGł._Skarżysko_Kamienna_Kielce
12110/1,TLK,NIDA,WarszawaWsch._WarszawaGdańska_Radom_SkarżyskoKam._Kielce
12120/1,TLK,INKA,WarszawaWsch._Siedlce_Łuków_LublinGł.
12122/3,TLK,CZECHOWICZ,WarszawaWsch._Siedlce_Łuków_LublinGł.
12170/1,TLK,USTRONIE,WarszawaWsch._Pilawa_Dęblin_LublinGł.
1300/1,EIP,,WarszawaWsch._WarszawaCentr._CMK_KrakówGł.
1302/3,EIP,,WarszawaWsch._WarszawaCentr._CMK_KrakówGł.
1304/5,EIP,,WarszawaWsch._WarszawaCentr._CMK_KrakówGł.
1306/7,EIP,,WarszawaWsch._WarszawaCentr._CMK_KrakówGł.
1308/9,EIP,,WarszawaWsch._WarszawaCentr._CMK_KrakówGł.
1310/1,EIP,,WarszawaWsch._WarszawaCentr._CMK_KrakówGł.
13100/1,IC,MALINOWSKI,WarszawaWsch._WarszawaCentr._OpocznoPłd._KrakówGł._Tarnów_RzeszówGł._PrzemyślGł.
13100/1,IC,MALINOWSKI,WarszawaWsch._WarszawaCentr._OpocznoPłd._KrakówGł._Tarnów_RzeszówGł._PrzemyślGł.
13102/3,IC,MARSZAŁEK PIŁSUDSKI,WarszawaWsch._WarszawaGdańska_OpocznoPłd._Miechów_KrakówGł.
13104/5,IC,WITOS,WarszawaWsch._WarszawaGdańska_Warka_RadomGł._SkarżyskoKościelne_Sandomierz_StalowaWolaCentrum_Leżajsk_Jarosław_PrzemyślGł.
13106/7,IC,SAN,WarszawaWsch._WarszawaŚródmieście_Warka_Radom_SkarżyskoKościelne_Sandomierz_StalowaWolaCentrum_Leżajsk_Jarosław_PrzemyślGł.
13108/9,IC,REYMONT,ŁódźFabr._PiotrkówTrybunalski_Częstochowa_Koniecpol_Miechów_KrakówGł.
13110/1,IC,KINGA,WarszawaWsch._WarszawaGdańska_Warka_RadomGł._Kielce_Miechów_KrakówGł.
13112/3,IC,KARŁOWICZ,WarszawaWsch._WarszawaGdańska_Warka_RadomGł._Kielce_Miechów_KrakówGł._Chabówka_Zakopane
1312/3,EIP,,WarszawaWsch._WarszawaCentr._CMK_KrakówGł.
1334/5,IC,KAZIMIERZ,ŁódźFabr._TomaszówMaz._WłoszczowaPłn._Miechów_KrakówGł.
1350/1,EIC,TATRY,WarszawaWsch._WarszawaCentr._CMK_KrakówGł._Chabówka_NowyTarg_Zakopane
1352/3,EIC,KOŚCIUSZKO,WarszawaWsch._WarszawaCentr._CMK_KrakówGł.
1400/1,EIP,,WarszawaWsch._WarszawaCentr._CMK_SosnowiecGł._Katowice_Tychy_do.IIiod.IIIBielsko_BiałaGł._od.IIdo.IIIKatowice
1410/1,EIC,ONDRASZEK,WarszawaWsch._WarszawaCentr._CMK_SosnowiecGł._Katowice_Tychy_od.IIIBielsko_BiałaGł._do.IIIKatowice
1410/1,EIC,ONDRASZEK,WarszawaWsch._WarszawaCentr._CMK_SosnowiecGł._Katowice_Tychy_Bielsko_BiałaGł.
14100/1,TLK,CHEMIK,Płock_Kutno_Zgierz_ŁódźWidzew_PiotrkówTrybunalski_Częstochowa_Zawiercie_Katowice
1420/1,IC,DASZYŃSKI,WarszawaWsch._WarszawaCentr._Skierniewice_Koluszki_Częstochowa_Katowice_Tychy_Bielsko_BiałaGł.
1422/3,IC,PILECKI,Białystok_Małkinia_Tłuszcz_WarszawaCentr._Skierniewice_Koluszki_Częstochowa_Katowice_Pszczyna_Bielsko_BiałaGł.
1460/1,IC,DASZYŃSKI,WarszawaWsch._WarszawaCentr._Skierniewice_Koluszki_Częstochowa_Katowice_Tychy_Skoczów_WisłaUzdrowisko
1500/1,EIP,,WarszawaCentr._IławaGł._Tczew_GdańskGł._GdyniaGł.
1502/3,EIP,,WarszawaCentr._IławaGł._Tczew_GdańskGł._GdyniaGł.
1510/1,IC,SŁOWINIEC,WarszawaZach._Ciechanów_IławaGł._Tczew_GdańskGł._GdyniaGł.
1510/1,IC,SŁOWINIEC,WarszawaZach._Ciechanów_IławaGł._Tczew_GdańskGł._GdyniaGł.
15102/3,TLK,BIEBRZA,WarszawaWsch._Siedlce_Hajnówka_Białystok_Ełk_Szczytno_OlsztynGł._Elbląg_Malbork_Tczew_GdyniaGł.
1512/3,IC,WYBRZEŻE,WarszawaCentr._WarszawaWsch._IławaGł._Tczew_GdyniaGł.
15150/1,TLK,DELFIN,WarszawaCentr._WarszawaWsch._IławaGł._Tczew_GdyniaGł._Lębork_Łeba
1520/1,IC,WARMIA,WarszawaCentr._Działdowo_IławaGł._Ostróda_OlsztynGł.
1522/3,IC,MAZURY,ŁódźFabr._Koluszki_Skierniewice_WarszawaCentr._Działdowo_Nidzica_OlsztynGł.
1524/5,IC,KOPERNIK,WarszawaWsch._WarszawaCentr._Sochaczew_Kutno_Włocławek_ToruńGł._BydgoszczGł.
1524/5,IC,KOPERNIK,ŁódźFabr._Koluszki_Skierniewice_WarszawaCentr._IławaGł._ToruńGł._BydgoszczGł.
1524/5,IC,KOPERNIK,WarszawaCentr._Ciechanów_IławaGł._ToruńGł._BydgoszczGł.
1526/7,IC,MONIUSZKO,WarszawaGł._Sochaczew_Kutno_Włocławek_ToruńGł._BydgoszczGł.
1528/9,IC,REJEWSKI,WarszawaWsch._WarszawaCentr._Sochaczew_Kutno_Włocławek_ToruńGł._BydgoszczGł.
1530/1,IC,BRDA,WarszawaWsch._WarszawaCentr._Sochaczew_Kutno_Włocławek_ToruńGł._BydgoszczGł.
1530/1,IC,BRDA,WarszawaCentr._Ciechanów_IławaGł._ToruńGł._BydgoszczGł.
1532/3,IC,KOCIEWIE,ŁódźFabr._ŁódźWidzew_ŁódźKaliska_Kutno_ToruńGł._BydgoszczGł._Tczew_GdańskGł._GdyniaGł.
1540/1,EIC,JANTAR,WarszawaCentr._GdańskGł._GdyniaGł._Władysławowo_Hel
1542/3,IC,LAGUNA,WarszawaCentr._Działdowo_IławaGł._Tczew_GdańskGł._GdyniaGł.
1544/5,EIC,KASZUB,WarszawaCentr._GdańskGł._GdyniaGł.
1546/7,EIC,NEPTUN,WarszawaCentr._GdańskGł._GdyniaGł.
1600/1,EIC,PANORAMA,WarszawaWsch._WarszawaCentr._CzęstochowaStr._Lubliniec_OpoleGł._WrocławGł.
1600/1,EIC,PANORAMA,WarszawaWsch._WarszawaCentr._CzęstochowaStr._Lubliniec_OpoleGł._WrocławGł.
1602/3,EIP,,WarszawaWsch._WarszawaCentr._CzęstochowaStr._Lubliniec_OpoleGł._WrocławGł.
16100/1,TLK,ORZESZKOWA,WarszawaWsch._WarszawaCentr._Koluszki_PiotrkówTrybunalski_Częstochowa_Lubliniec_OpoleGł._WrocławGł._WałbrzychGł._JeleniaGóra_SzklarskaPorębaGórna
16100/1,TLK,ORZESZKOWA,WarszawaWsch._WarszawaCentr._Koluszki_PiotrkówTrybunalski_Częstochowa_Lubliniec_OpoleGł._WrocławGł._WałbrzychGł._JeleniaGóra
16102/3,IC,DĄBROWSKA,Białystok_Małkinia_WarszawaCentr._Skierniewice_ŁódźWidzew_ZduńskaWola_OstrówWlkp._Krotoszyn_OleśnicaRataje_WrocławGł.
16104/5,IC,NAŁKOWSKA,Białystok_Małkinia_WarszawaCentr._Skierniewice_PiotrówTryb._CzęstochowaStr._Lubliniec_OpoleGł._WrocławGł.
16170/1,TLK,KARKONOSZE,WarszawaWsch._WarszawaCentr._Częstochowa_Zawiercie_Katowice_StrzelceOpolskie_OpoleGł._WrocławGł._Wałbrzych_JeleniaGóra
16190/1,TLK,KARKONOSZE,WarszawaWsch._WarszawaCentr._Częstochowa_Zawiercie_Katowice_StrzelceOpolskie_OpoleGł._WrocławGł._Wałbrzych_JeleniaGóra_SzklarskaPorębaGórna
1620/1,IC,ASNYK,WarszawaWsch._WarszawaCentr._Skierniewice_Koluszki_ŁódźWidzew_Pabianice_ZduńskaWola_OstrówWlkp._Krotoszyn_OleśnicaRataje_WrocławGł.
1622/3,IC,BACZYŃSKI,WarszawaWsch._WarszawaCentr._Skierniewice_Koluszki_ŁódźWidzew_ZduńskaWola_OstrówWlkp._Krotoszyn_OleśnicaRataje_WrocławGł.
1624/5,IC,FREDRO,WarszawaWsch._WarszawaCentr._Skierniewice_Koluszki_PiotrkówTryb._Częstochowa_Lubliniec_OpoleGł._WrocławGł.
1626/7,IC,ŁUŻYCE,WarszawaWsch._WarszawaGdańska_Skierniewice_Koluszki_ŁódźWidzew_ZduńskaWola_OstrówWlkp._Krotoszyn_OleśnicaRataje_WrocławGł._Legnica_Węgliniec_Zgorzelec
1628/9,IC,OLEŃKA,WarszawaWsch._WarszawaGdańska_Skierniewice_Koluszki_PiotrkówTryb._Częstochowa_Lubliniec_OpoleGł._WrocławGł.
1650/1,IC,ŚNIEŻKA,WarszawaWsch._WarszawaCentr._OpocznoPłd._CzęstochowaStr._OpoleGł._WrocławGł._JaworzynaŚl._WałbrzychMiasto_JeleniaGóra_SzklarskaPorębaGórna
1650/1,IC,ŚNIEŻKA,WarszawaWsch._WarszawaCentr._OpocznoPłd._CzęstochowaStr._OpoleGł._WrocławGł._JaworzynaŚl._WałbrzychMiasto_JeleniaGóra_SzklarskaPorębaGórna
17100/1,IC,DIONIZOS,WarszawaWsch._WarszawaCentr._Sochaczew_Kutno_Września_PoznańGł._Zbąszynek_ZielonaGóraGł.
17100/1,IC,DIONIZOS,WarszawaWsch._WarszawaCentr._Sochaczew_Kutno_Września_PoznańGł._Zbąszynek_ZielonaGóraGł.
17102/3,IC,ZIELONOGÓRZANIN,WarszawaWsch._WarszawaCentr._Sochaczew_Kutno_PiotrkówKuj._InowrocławRąbinek_Gniezno_PoznańGł._Zbąszynek_ZielonaGóraGł.
17104/5,IC,WARTA,WarszawaWsch._WarszawaCentr._Sochaczew_Kutno_Konin_Września_PoznańGł.
1800/1,EIC,CHROBRY,WarszawaWsch._WarszawaCentr._Kutno_PoznańGł._Krzyż_Stargard_SzczecinGł.
18100/1,IC,GAŁCZYŃSKI,WarszawaWsch._WarszawaCentr._Sochaczew_Kutno_PoznańGł._Krzyż_SzczecinDąbie_SzczecinGł.
18100/1,IC,GAŁCZYŃSKI,WarszawaWsch._WarszawaCentr._Sochaczew_Kutno_PoznańGł._Krzyż_SzczecinDąbie_SzczecinGł._Goleniów_WysokaKamieńska_Świnoujście
18102/3,IC,PODLASIAK,Suwałki_Sokółka_Białystok_Małkinia_WarszawaCentr._Sochaczew_Kutno_Września_PoznańGł._Krzyż_Stargard_SzczecinGł._Goleniów_Świnoujście
18104/5,IC,RYBAK,Białystok_Ełk_Szczytno_OlsztynGł._Elbląg_Tczew_GdyniaGł._Słupsk_SzczecinGł.
18106/7,IC,MEWA,WarszawaWsch._WarszawaCentr._Sochaczew_Kutno_Konin_Września_PoznańGł._Krzyż_Stargard_SzczecinGł._Goleniów_Świnoujście
18108/9,IC,WŁÓKNIARZ,ŁódźFabr._ŁódźWidzew_Pabianice_ZduńskaWola_Kalisz_Jarocin_PoznańGł._Krzyż_Stargard_SzczecinGł.
18108/9,TLK,WŁÓKNIARZ,ŁódźFabryczna_Kalisz_PoznańGł._Krzyż_SzczecinGł.
18108/9,TLK,WŁÓKNIARZ,ŁódźFabryczna_Kalisz_PoznańGł.
18110/1,IC,NOTEĆ,WarszawaWsch._WarszawaGdańska_Sochaczew_Kutno_Włocławek_ToruńGł._BydgoszczGł._NakłonadNotecią_PiłaGł.
18114/5,IC,POBRZEŻE,ŁódźFabr._Ł.Widzew_Skierniewice_WarszawaCentr._Ciechanów_IławaGł._Tczew_GdyniaGł._Lębork_Słupsk_Koszalin_Kołobrzeg
18150/1,IC,SŁUPIA,ŁódźKaliska_ŁódźWidzew_Skierniewice_WarszawaCentr._Ciechanów_IławaGł._Tczew_GdyniaGł._Lębork_Słupsk_Koszalin_Kołobrzeg
18152/3,IC,PARSĘTA,ŁódźFabr._ŁódźWidzew_Skierniewice_WarszawaCentr._Ciechanów_IławaGł._Tczew_GdyniaGł._Lębork_Słupsk_Koszalin_UstronieMorskie_Kołobrzeg
18154/5,IC,LAZUR,ŁódźFabr._ŁódźWidzew_Skierniewice_WarszawaCentr._Ciechanów_IławaGł._Tczew_GdyniaGł._Lębork_Słupsk_Ustka
18154/5,IC,LAZUR,WarszawaZach._WarszawaCentr._Ciechanów_IławaGł._Tczew_GdyniaGł._Lębork_Słupsk_Ustka
18170/1,TLK,UZNAM,WarszawaWsch._WarszawaCentr._Kutno_PoznańGł._Zbąszynek_Kostrzyn_SzczecinDąbie_SzczecinGł._Goleniów_Świnoujście
18170/1,TLK,UZNAM,WarszawaWsch._WarszawaGdańska_Kutno_PoznańGł._Zbąszynek_Kostrzyn_SzczecinDąbie_SzczecinGł._Goleniów_Świnoujście
18170/1,TLK,UZNAM,WarszawaWsch._WarszawaCentr._Kutno_PoznańGł._Zbąszynek_Kostrzyn_SzczecinGł._Goleniów_Świnoujście
1850/1,EIC,POSEJDON,WarszawaCentr._IławaGł._Tczew_GdyniaGł._Lębork_Słupsk_Koszalin_Kołobrzeg
1900/1,IC,BORYNA,WarszawaWsch._WarszawaCentr._Skierniewice_Koluszki_ŁódźFabr.
1902/3,IC,ŁĘCKA,WarszawaWsch._WarszawaGdańska_Skierniewice_Koluszki_ŁódźFabr.
1902/3,IC,ŁĘCKA,WarszawaWsch._WarszawaGdańska_Skierniewice_Koluszki_ŁódźFabr.
1904/5,IC,PRZĄŚNICZKA,WarszawaWsch._WarszawaGdańska_Skierniewice_Koluszki_ŁódźFabr.
1906/7,IC,RUBINSTEIN,WarszawaWsch._WarszawaCentr._Skierniewice_Koluszki_ŁódźFabr.
1908/9,IC,JAGNA,WarszawaGł._Skierniewice_Koluszki_ŁódźFabr.
1908/9,IC,JAGNA,WarszawaGł._Skierniewice_Koluszki_ŁódźFabr.
1910/1,IC,TUWIM,WarszawaWsch._WarszawaCentr._Skierniewice_Koluszki_ŁódźFabr.
19100/1,IC,ŁODZIANIN,WarszawaWsch._WarszawaGdańska_Skierniewice_Koluszki_ŁódźWidzew_ŁódźFabr.
1912/3,IC,SOPLICA,WarszawaWsch._WarszawaCentr._Skierniewice_Koluszki_ŁódźFabr.
19130/1,IC,ZOSIA,WarszawaGdańska_Skierniewice_Koluszki_ŁódźWidzew_ŁódźFabr.
19132/3,IC,KORCZAK,WarszawaWsch._WarszawaCentr._Skierniewice_Koluszki_ŁódźWidzew_ŁódźFabr.
20100/1,IC,HETMAN,HrubieszówMiasto_Zamość_Biłgoraj_StalowaWolaRozw.
2100/1,IC,CZARTORYSKI,LublinGł._PuławyMiasto_Dęblin_Pilawa_WarszawaCentr._Skierniewice_Koluszki_ŁódźFabr.
2100/1,IC,CZARTORYSKI,LublinGł._PuławyMiasto_Dęblin_Pilawa_WarszawaCentr._WarszawaZach.
21100/1,IC,CHEŁMIANIN,Chełm_Rejowiec_LublinGł._PuławyMiasto_Dęblin_Pilawa_WarszawaWsch.
21106/7,IC,REJ,Kielce_Skarżysko_Kamienna_RadomGł._Warka_WarszawaGdańska_WarszawaWsch.
21110/1,IC,NIDA,Kielce_Skarżysko_Kamienna_RadomGł._Warka_WarszawaMłynów_WarszawaGdańska_WarszawaWsch.
21110/1,TLK,NIDA,Kielce_SkarżyskoKam._Radom_WarszawaGdańska_WarszawaWsch.
21120/1,TLK,INKA,LublinGł._Łuków_Siedlce_WarszawaWsch.
21122/3,TLK,CZECHOWICZ,LublinGł._Łuków_Siedlce_WarszawaWsch.
21170/1,TLK,USTRONIE,LublinGł._Dęblin_Pilawa_WarszawaWsch.
22100/1,IC,HETMAN,StalowaWolaRozw._Biłgoraj_Zamość_HrubieszówMiasto
23100/1,IC,JAGIEŁŁO,LublinGł._PuławyMiasto_RadomGł._Kielce_Miechów_KrakówGł.
24100/1,IC,SZTYGAR,LublinGł._PuławyMiasto_RadomGł._Kielce_Zawiercie_Katowice
24102/3,IC,MORCINEK,Kielce_Włoszczowa_Zawiercie_Katowice
25100/1,IC,KUJAWIAK,Chełm_LublinGł._PuławyMiasto_Dęblin_Pilawa_WarszawaCentr._Sochaczew_Kutno_ToruńGł._BydgoszczGł.
25150/1,TLK,MIERZEJA,LublinGł._Dęblin_WarszawaWsch._IławaGł._Tczew_GdyniaGł._Hel
26100/1,IC,BOLKO,LublinGł._PuławyMiasto_RadomGł._Kielce_Zawiercie_Katowice_Gliwice_OpoleGł._WrocławGł.
26102/3,IC,MORCINEK,LublinGł._PuławyMiasto_RadomGł._Kielce_Włoszczowa_CzęstochowaStradom_Lubliniec_OpoleGł._WrocławGł.
2620/1,IC,KONOPNICKA,LublinGł._PuławyMiasto_Dęblin_Pilawa_WarszawaCentr._Skierniewice_Koluszki_ŁódźWidzew_ZduńskaWola_OstrówWlkp._Krotoszyn_OleśnicaRataje_WrocławGł.
2622/3,IC,BACZYŃSKI,LublinGł._PuławyMiasto_Dęblin_WarszawaCentr._Skierniewice_Koluszki_ŁódźWidzew_ZduńskaWola_Sieradz_OstrówWlkp._Krotoszyn_OleśnicaRataje_WrocławGł.
2700/1,IC,HETMAN,LublinGł._Kraśnik_StalowaWolaRozwadów_Leżajsk_RzeszówGł._Tarnów_KrakówGł._Katowice_Gliwice_OpoleGł._WrocławGł._Legnica_ZielonaGóraGł.
27100/1,IC,LUBUSZANIN,LublinGł._PuławyMiasto_Dęblin_Pilawa_Otwock_WarszawaCentr._Sochaczew_Kutno_Konin_Września_PoznańGł._Zbąszynek_ZielonaGóraGł.
27102/3,IC,WIENIAWSKI,LublinGł._PuławyMiasto_RadomGł._TomaszówMaz._ŁódźWidzew_Pabianice_ZduńskaWola_Kalisz_Jarocin_PoznańGł.
28100/1,TLK,STASZIC,LublinGł._Dęblin_WarszawaWsch._Kutno_Włocławek_ToruńGł._BydgoszczGł._PiłaGł._Wałcz_SzczecinGł.
28102/3,TLK,WYCZÓŁKOWSKI,LublinGł._Radom_Kielce_CzęstochowaStr._OpoleGł._WrocławGł._Legnica_ZielonaGóraGł._Kostrzyn_SzczecinGł.*_Goleniów_Świnoujście
28104/5,IC,ZAMOYSKI,HrubieszówMiasto_Zawada_LublinGł._Dęblin_WarszawaCentr._Sochaczew_Kutno_Włocławek_BydgoszczGł._PiłaGł._Białogard_Kołobrzeg
30100/1,IC,MALINOWSKI,KrakówGł._Tarnów_NowySącz_Muszyna_Krynica_Zdrój
30104/5,TLK,MAŁOPOLSKA,KrakówGł._Tarnów_Stróże_NowySącz_Muszyna_KrynicaZdrój
30110/1,TLK,WETLINA,KrakówGł._Tarnów_Jasło_Zagórz
30112/3,TLK,BIESZCZADY,KrakówGł._Tarnów_Jasło_Zagórz
30160/1,TLK,POŁONINY,KrakówGł._Tarnów_Jasło_Łupków
30162/3,TLK,BIESZCZADY,KrakówGł._Tarnów_Jasło_Uherce_Łupków
30170/1,TLK,KARPATY,KrakówGł._Tarnów_Stróże_NowySącz_Muszyna_KrynicaZdrój
3100/1,EIP,,KrakówGł._CMK_WarszawaCentr._WarszawaWsch.
3102/3,EIP,,KrakówGł._CMK_WarszawaCentr._WarszawaWsch.
3104/5,EIP,,KrakówGł._CMK_WarszawaCentr._WarszawaWsch.
3106/7,EIP,,KrakówGł._CMK_WarszawaCentr._WarszawaWsch.
3108/9,EIP,,KrakówGł._CMK_WarszawaCentr._WarszawaWsch.
3110/1,EIP,,KrakówGł._CMK_WarszawaCentr._WarszawaWsch.
31100/1,IC,MALINOWSKI,PrzemyślGł._RzeszówGł._Tarnów_KrakówGł._OpocznoPłd._WarszawaCentr._WarszawaWsch.
31100/1,IC,MALINOWSKI,PrzemyślGł._RzeszówGł._Tarnów_KrakówGł._OpocznoPłd._WarszawaCentr._WarszawaWsch.
31102/3,IC,MARSZAŁEK PIŁSUDSKI,KrakówGł._Miechów_OpocznoPłd._WarszawaGdańska_WarszawaWsch.
31104/5,IC,WITOS,PrzemyślGł._Jarosław_Leżajsk_StalowaWolaCentrum_Sandomierz_SkarżyskoKościelne_RadomGł._Warka_WarszawaŚródmieście_WarszawaWsch.
31106/7,IC,SAN,PrzemyślGł._Jarosław_Leżajsk_StalowaWolaCentrum_Sandomierz_SkarżyskoKościelne_RadomGł._Warka_WarszawaŚródmieście_WarszawaWsch.
31108/9,IC,REYMONT,KrakówGł._Miechów_Koniecpol_Częstochowa_PiotrkówTrybunalski_ŁódźFabr.
31110/1,IC,KINGA,KrakówGł._Miechów_Kielce_RadomGł._Warka_WarszawaGdańska_WarszawaWsch.
31112/3,IC,KARŁOWICZ,Zakopane_Chabówka_KrakówGł._Miechów_Kielce_RadomGł._Warka_WarszawaGdańska_WarszawaWsch.
3112/3,EIP,,KrakówGł._CMK_WarszawaCentr._WarszawaWsch.
3128/9,IC,ŁOKIETEK,KrakówGł._Miechów_OpocznoPłd._WarszawaCentr._WarszawaWsch.
3134/5,IC,KAZIMIERZ,KrakówGł._Miechów_WłoszczowaPłn._TomaszówMaz._ŁódźFabr.
3150/1,EIC,TATRY,Zakopane_NowyTarg_Chabówka_KrakówGł._CMK_WarszawaCentr._WarszawaWsch.
3152/3,EIC,KOŚCIUSZKO,KrakówGł._CMK_WarszawaCentr._WarszawaWsch.
32100/1,IC,JAGIEŁŁO,KrakówGł._Miechów_Kielce_RadomGł._PuławyMiasto_LublinGł.
33100/1,IC,MALINOWSKI,Krynica_Zdrój_Muszyna_NowySącz_Tarnów_KrakówGł.
33104/5,TLK,MAŁOPOLSKA,KrynicaZdrój_Muszyna_Stróże_Tarnów_KrakówGł.
33110/1,TLK,WETLINA,Zagórz_Jasło_Tarnów_KrakówGł.
33112/3,TLK,BIESZCZADY,Zagórz_Jasło*_Tarnów_KrakówGł.
33160/1,TLK,POŁONINY,Łupków_Jasło_Tarnów_KrakówGł.
33162/3,TLK,BIESZCZADY,Łupków_Uherce_Jasło_Tarnów_KrakówGł.
33170/1,TLK,KARPATY,KrynicaZdrój_Muszyna_Stróże_Tarnów_KrakówGł.
3500/1,EIP,,KrakówGł._CMK_WarszawaCentr._IławaGł._Tczew_GdańskGł._GdyniaGł.
3502/3,EIP,,KrakówGł._CMK_WarszawaCentr._GdańskGł._GdyniaGł.
3504/5,EIP,,KrakówGł._CMK_WarszawaCentr._IławaGł._Tczew_GdańskGł._GdyniaGł.
3506/7,EIP,,KrakówGł._CMK_WarszawaCentr._IławaGł._Tczew_GdańskGł._GdyniaGł.
3508/9,EIP,,RzeszówGł._Tarnów_KrakówGł._CMK_WarszawaCentr._IławaGł._Tczew_GdańskGł._GdyniaGł.
3510/1,EIP,,KrakówGł._CMK_WarszawaCentr._GdańskGł._GdyniaGł.
35102/3,TLK,LUBOMIRSKI,KrakówGł._OpocznoPołudnie_WarszawaWsch._IławaGł._Tczew_GdyniaGł.
35104/5,TLK,MAŁOPOLSKA,Zakopane_Chabówka_SuchaBeskidzkaZamek_KrakówGł._OpocznoPołudnie_TomaszówMaz._Koluszki_Skierniewice_WarszawaWsch._IławaGł._Tczew_GdyniaGł.
3512/3,IC,PIAST,KrakówGł._Mysłowice_Katowice_Gliwice_StrzelceOpolskie_OpoleGł._WrocławGł._Leszno_PoznańGł._Inowrocław_BydgoszczGł._Tczew_GdyniaGł.
3514/5,IC,ARTUS,PrzemyślGł._RzeszówGł._KrakówGł._Katowice_OpoleGł._WrocławGł._PoznańGł._BydgoszczGł._Tczew_GdyniaGł.
35150/1,IC,HALNY,Zakopane_Chabówka_SuchaBeskidzka_Żywiec_Bielsko_BiałaGł._OpoleGł._WrocławGł._Leszno_PoznańGł._Gniezno_Inowrocław_BydgoszczGł.
35170/1,TLK,KARPATY,Zakopane_Chabówka_SuchaBeskidzkaZamek_KrakówGł._Częstochowa_PiotrkówTrybunalski_Skierniewice_WarszawaWsch._IławaGł._Tczew_GdyniaGł.
35172/3,TLK,ROZEWIE,KrakówGł._Mysłowice_Katowice_Gliwice_OpoleGł._WrocławGł._Leszno_PoznańGł._Gniezno_Inowrocław_BydgoszczGł._Tczew_GdyniaGł.
35172/3,TLK,ROZEWIE,KrakówGł._Mysłowice_Katowice_Gliwice_OpoleGł._WrocławGł._Leszno_PoznańGł._Gniezno_Inowrocław_BydgoszczGł._Tczew_GdyniaGł._Władysławowo_Hel
35190/1,TLK,KORSARZ,KrakówGł._Zawiercie_Częstochowa_PiotrkówTrybunalski_ŁódźWidzew_Inowrocław_BydgoszczGł._Tczew_GdyniaGł._Hel
3520/1,IC,ŻEROMSKI,KrakówGł._Miechów_Kielce_Skarżysko_Kamienna_RadomGł._Warka_WarszawaGdańska_Ciechanów_Działdowo_Nidzica_OlsztynGł.
3522/3,IC,SIENKIEWICZ,KrakówGł._Miechów_Kielce_Skarżysko_Kamienna_RadomGł._Warka_WarszawaGdańska_Ciechanów_IławaGł._Ostróda_OlsztynGł.
3524/5,IC,KOLBERG,KrakówGł._Miechów_Kielce_Skarżysko_Kamienna_RadomGł._Warka_WarszawaGdańska_Ciechanów_Działdowo_Nidzica_OlsztynGł.
3526/7,IC,ORŁOWICZ,KrakówGł._Miechów_Kielce_Skarżysko_Kamienna_RadomGł._Warka_WarszawaGdańska_Ciechanów_Działdowo_Nidzica_OlsztynGł.
3532/3,IC,KOCHANOWSKI,RzeszówGł._Tarnobrzeg_StalowaWolaCharzewice_LublinGł._PuławyMiasto_Dęblin_Pilawa_WarszawaCentr._Sochaczew_Kutno_ToruńGł._BydgoszczGł.
3534/5,IC,KAZIMIERZ,KrakówGł._Miechów_WłoszczowaPłn._TomaszówMaz._ŁódźWidzew_ŁódźKaliska_Kutno_ToruńGł._BydgoszczGł.
3550/1,EIP,,KrakówGł._CMK_WarszawaCentr._GdańskGł._GdyniaGł.
3554/5,IC,ARTUS,PrzemyślGł._RzeszówGł._KrakówGł._Katowice_OpoleGł._WrocławGł._PoznańGł._BydgoszczGł._Tczew_GdyniaGł._Władysławowo_Hel
3560/1,IC,WITKACY,Zakopane_Chabówka_KalwariaZeb.Lanc._KrakówGł._Miechów_OpocznoPłd._TomaszówMaz._ŁódźWidzew_ŁódźKaliska_Kutno_Włocławek_ToruńGł._BydgoszczGł._LaskowicePom._Tczew_GdyniaGł.
3600/1,IC,WYSPIAŃSKI,PrzemyślGł._RzeszówGł._Tarnów_KrakówGł._Katowice_Gliwice_OpoleGł._WrocławGł.
3604/5,IC,GROTTGER,PrzemyślGł._RzeszówGł._KrakówGł._Katowice_OpoleGł._WrocławGł.
36100/1,IC,BOZNAŃSKA,KrakówGł._Katowice_OpoleGł._WrocławGł.
36102/3,TLK,SUDETY,KrakówGł._Mysłowice_Katowice_KędzierzynKoźle_JaworzynaŚląska_WałbrzychMiasto_JeleniaGóra
36104/5,IC,SIEMIRADZKI,PrzemyślGł._RzeszówGł._KrakówGł._Katowice_OpoleGł._WrocławGł.
36110/1,TLK,WETLINA,Zagórz_Jasło_Tarnów_KrakówGł._Katowice_Gliwice_OpoleGł._KamieniecZąbkowicki_KłodzkoMiasto
3700/1,IC,ŚLĄZAK,PrzemyślGł._RzeszówGł._KrakówGł._Katowice_OpoleGł._WrocławGł._PoznańGł.
37100/1,IC,PUŁASKI,KrakówGł._Trzebinia_Zawiercie_CzęstochowaStradom_Kluczbork_OstrówWlkp._PoznańGł.
37100/1,TLK,PUŁASKI,KrakówGł._Zawiercie_CzęstochowaStradom_Lubliniec_Kluczbork_OstrówWlkp._PoznańGł.
37102/3,IC,WYBICKI,KrakówGł._Trzebinia_Zawiercie_CzęstochowaStradom_Kluczbork_OstrówWlkp._PoznańGł.
37102/3,IC,WYBICKI,KrakówGł._Zawiercie_CzęstochowaStradom_Lubliniec_OstrówWlkp._PoznańGł.
37104/5,IC,MEHOFFER,PrzemyślGł._RzeszówGł._KrakówGł._Koniecpol_CzęstochowaStradom_OpoleGł._WrocławGł._Legnica_ZielonaGóraGł.
3720/1,IC,CEGIELSKI,KrakówGł._Miechów_OpocznoPłd._TomaszówMaz._ŁódźWidzew_Pabianice_ZduńskaWola_Kalisz_Jarocin_PoznańGł.
3722/3,IC,BARBAKAN,KrakówGł._Miechów_OpocznoPłd._TomaszówMaz._ŁódźWidzew_ŁódźKaliska_Kutno_Konin_Września_PoznańGł.
3800/1,EIP,,KrakówGł._CMK_WarszawaCentr._GdyniaGł._Słupsk_Koszalin_Kołobrzeg
3804/5,IC,MATEJKO,PrzemyślGł._RzeszówGł._KrakówGł._Katowice_Kędzierzyn_Koźle_OpoleGł._WrocławGł._Wołów_ZielonaGóraGł._Rzepin_SzczecinDąbie_SzczecinGł.
3806/7,IC,MALCZEWSKI,KrakówGł._Katowice_Gliwice_OpoleGł._WrocławGł._Leszno_PoznańGł._PiłaGł._Białogard_Kołobrzeg
3806/7,IC,MALCZEWSKI,KrakówGł._Katowice_Gliwice_OpoleGł._WrocławGł._Leszno_PoznańGł._PiłaGł._Białogard_Kołobrzeg
38100/1,IC,GÓRSKI ,RzeszówGł._Tarnobrzeg_StalowaWolaCharzewice_LublinGł._Pilawa_Dęblin_WarszawaCentr._Sochaczew_Kutno_Konin_PoznańGł._Krzyż_Stargard_SzczecinGł.
38102/3,IC,OSTERWA,KrakówGł._Trzebinia_Katowice_Gliwice_Lubliniec_OstrówWlkp._PoznańGł._Krzyż_Stargard_SzczecinGł.
38102/3,IC,OSTERWA,KrakówGł._Katowice_Gliwice_Lubliniec_OstrówWlkp._PoznańGł._Stargard_SzczecinGł.
38104/5,IC,CHEŁMOŃSKI,KrakówGł._Katowice_Kędzierzyn_Koźle_OpoleGł._WrocławGł._Legnica_ZielonaGóraGł._SzczecinDąbie_Świnoujście
38106/7,IC,ZEFIR,KrakówGł._Miechów_Koniecpol_CzęstochowaStr._Kępno_OstrówWlkp._PoznańGł._PiłaGł.
38150/1,IC,KRAKOWIANKA,KrakówGł._Trzebinia_Katowice_Gliwice_OpoleGł._WrocławGł._Leszno_PoznańGł._PiłaGł._Białogard_Kołobrzeg
38152/3,TLK,LUBOMIRSKI,KrakówGł._OpocznoPołudnie_WarszawaWsch._IławaGł._Tczew_GdyniaGł._Kołobrzeg
38170/1,TLK,USTRONIE,KrakówGł._Kielce_SkarżyskoKam._Radom_Dęblin_WarszawaWsch._IławaGł._Tczew_GdyniaGł._Słupsk_Kołobrzeg.
38170/1,TLK,USTRONIE,KrakówGł._Kielce_SkarżyskoKam._Radom_WarszawaWsch._IławaGł._Tczew_GdyniaGł._Słupsk_Kołobrzeg
38172/3,IC,PRZEMYŚLANIN,PrzemyślGł._RzeszówGł._KrakówGł._Katowice_Gliwice_WrocławGł._Leszno_PoznańGł._Stargard_SzczecinGł._Goleniów_Świnoujście
38174/5,TLK,WOLIN ,KrakówGł._Katowice_Gliwice_StrzelceOpolskie_WrocławGł._Legnica_ZielonaGóra_Kostrzyn_SzczecinDąbie_Świnoujście
38176/7,IC,JAMNO,KrakówGł._Koniecpol_CzęstochowaStradom_Lubliniec_OpoleGł._WrocławGł._Leszno_PoznańGł._PiłaGł._Koszalin_Słupsk_Ustka
38190/1,IC,BURSZTYN,KrakówGł._Trzebinia_Zawiercie_Częstochowa_PiotrówTryb._ŁódźWidzew_BydgoszczGł._PiłaGł._Białogard_Kołobrzeg
38192/3,IC,PODHALANIN,Zakopane_Chabówka_Wadowice_Bielsko_BiałaGł._Katowice_Gliwice_Lubliniec_OstrówWlkp._ŚrodaWlkp._PoznańGł._Krzyż_SzczecinDąbie_SzczecinGł.
3840/1,EIP,,KrakówGł._CMK_WarszawaCentr._IławaGł._Tczew_GdyniaGł._Słupsk_Koszalin_Kołobrzeg
40171,TLK,PIRAT,Katowice_Tychy_Pszczyna_CzechowiceDziedzice_Bielsko_BiałaGł.
4110/1,EIC,ONDRASZEK,Bielsko_BiałaGł.od.III_Katowicedo.III_Tychy_Katowice_SosnowiecGł._CMK_WarszawaCentr._WarszawaWsch.
4110/1,EIC,ONDRASZEK,Bielsko_BiałaGł._Tychy_Katowice_SosnowiecGł._CMK_WarszawaCentr._WarszawaWsch.
41100/1,TLK,CHEMIK,Katowice_Zawiercie_Częstochowa_PiotrkówTrybunalski_ŁódźWidzew_Kutno_Płock
4120/1,IC,DASZYŃSKI,Bielsko_BiałaGł._Tychy_Katowice_Częstochowa_Koluszki_Skierniewice_WarszawaZach._WarszawaGdańska_WarszawaWsch.
4122/3,IC,PILECKI,Bielsko_BiałaGł._Pszczyna_Katowice_Częstochowa_Koluszki_Skierniewice_WarszawaCentr._Tłuszcz_Małkinia_Białystok
4160/1,IC,DASZYŃSKI,WisłaUzdrowisko_Skoczów_Tychy_Katowice_Zawiercie_Częstochowa_Koluszki_Skierniewice_WarszawaZach._WarszawaGdańska_WarszawaWsch.
42100/1,IC,SZTYGAR,Katowice_Zawiercie_Kielce_RadomGł._PuławyMiasto_LublinGł.
42102/3,IC,MORCINEK,Katowice_Zawiercie_Włoszczowa_Kielce
44170,TLK,PIRAT,Bielsko_BialaGł._CzechowiceDziedzice_Pszczyna_Tychy_Katowice
4500/1,EIP,,Bielsko_BiałaGł._Tychy_Katowice_SosnowiecGł._WarszawaCentr._IławaGł._Tczew_GdyniaGł._GdyniaGł.
4502/3,EIP,,Gliwice_Zabrze_Katowice_SosnowiecGł._WarszawaCentr._IławaGł._Tczew_GdańskGł._GdyniaGł.
4504/5,EIP,,Bielsko_BiałaGł._Tychy_Katowice_SosnowiecGł._WarszawaCentr._IławaGł._Tczew_GdańskGł._GdyniaGł.
4506/7,EIP,,Bielsko_BiałaGł._Tychy_Katowice_SosnowiecGł._WarszawaCentr._IławaGł._Tczew_GdańskGł._GdyniaGł.
4508/9,EIP,,Gliwice_Zabrze_Katowice_SosnowiecGł._WarszawaCentr._IławaGł._Tczew_GdańskGł._GdyniaGł.
45100/1,TLK,DOKER,Katowice_Zawiercie_Częstochowa_PiotrkówTrybunalski_ŁódźWidzew_Kutno_ToruńGł._BydgoszczGł._Tczew_GdyniaGł.
45102/3,TLK,FLISAK,Katowice_Zawiercie_Częstochowa_PiotrkówTrybunalski_ŁódźWidzew_Kutno_Płock_Grudziądz_Tczew_GdyniaGł.
45150/1,IC,HALNY,Bielsko_BiałaGł._Rybnik_OpoleGł._WrocławGł._Leszno_PoznańGł._Gniezno_Inowrocław_BydgoszczGł.
4520/1,IC,HUTNIK,Bielsko_BiałaGł._Pszczyna_Katowice_Częstochowa_PiotrkówTryb._ŁódźWidzew_ŁódźKaliska_Kutno_ToruńGł._BydgoszczGł._LaskowicePom._Tczew_GdańskGł._GdyniaGł.
4522/3,IC,SKARBEK,Racibórz_Kędzierzyn_Koźle_Gliwice_Katowice_Częstochowa_PiotrkówTryb._Koluszki_Skierniewice_WarszawaGdańska_Ciechanów_Działdowo_Nidzica_OlsztynGł.
4524/5,IC,KORMORAN,Bielsko_BiałaGł._Pszczyna_Katowice_Częstochowa_PiotrkówTryb._Koluszki_Skierniewice_WarszawaCentr._Ciechanów_Działdowo_Nidzica_OlsztynGł.
4550/1,EIC,WYSOCKI,Bielsko_BiałaGł.od.III_Katowicedo.III_Tychy_Katowice_SosnowiecGł._CMK_WarszawaCentr._GdyniaGł.
4560/1,IC,KORMORAN,WisłaUzdrowisko_Pszczyna_Katowice_Częstochowa_PiotrkówTryb._Koluszki_Skierniewice_WarszawaCentr._Ciechanów_Działdowo_Nidzica_OlsztynGł.
46174/5,TLK,WOLIN ,BielskoBiałaGł._KędzierzynKoźle_OpoleGl._WrocławGł.
47100/1,IC,SPODEK,Katowice_Gliwice_Lubliniec_Kluczbork_OstrówWlkp._PoznańGł.
47100/1,TLK,SPODEK,Katowice_Gliwice_Lubliniec_Kluczbork_Kępno_OstrówWlkp._PoznańGł.
48100/1,IC,GWAREK,Katowice_OpoleGł._WrocławGł._Leszno_PoznańGł._PiłaGł._Koszalin_Słupsk
48102/3,IC,SZYNDZIELNIA,Bielsko_BiałaGł._Rybnik_Kędzierzyn_Koźle_OpoleGł._WrocławGł._Leszno_PoznańGł._PiłaGł._Koszalin_Słupsk_Ustka
48150/1,IC,GWAREK,Katowice_OpoleGł._WrocławGł._Leszno_PoznańGł._PiłaGł._Koszalin_Słupsk_Ustka
4850/1,EIC,FREGATA,Bielsko_BiałaGł._Tychy_Katowice_SosnowiecGł._CMK_WarszawaCentr._GdyniaGł._Lębork_Słupsk_Koszalin_UstronieMorskie_Kołobrzeg
50104/5,IC,NIEGOCIN,GdyniaGł._Tczew_Malbork_Elbląg_OlsztynGł._Korsze_Giżycko
50104/5,IC,NIEGOCIN,GdyniaGł._Tczew_Malbork_Elbląg_OlsztynGł._Korsze_Giżycko
50150/1,TLK,SARBSKO,Lębork_Łeba
50157,TLK,GARDNO,Lębork_Łeba
50171,TLK,WYDMY,GdyniaGł._Lębork_Łeba
50190/1,TLK,KORSARZ,GdyniaGł._Lębork_Łeba
5100/1,EIP,,GdyniaGł._GdańskGł._Tczew_IławaGł._WarszawaCentr.
5102/3,EIP,,GdyniaGł._GdańskGł._Tczew_IławaGł._WarszawaCentr.
5104/5,EIP,,GdyniaGł._GdańskGł._Tczew_IławaGł._WarszawaCentr.
5110/1,IC,SŁOWINIEC,GdyniaGł._GdańskGł._Tczew_IławaGł._Ciechanów_WarszawaZach.
5110/1,IC,SŁOWINIEC,GdyniaGł._GdańskGł._Tczew_IławaGł._Ciechanów_WarszawaZach.
51102/3,TLK,BIEBRZA,GdyniaGł._Tczew_Malbork_Elbląg_OlsztynGł._Szczytno_Ełk_Białystok_Hajnówka_Siedlce_WarszawaWsch.
5112/3,IC,WYBRZEŻE,GdyniaGł._Tczew_IławaGł._WarszawaWsch._WarszawaZach.
51150/1,TLK,DELFIN,Łeba_Lębork_GdyniaGł._Tczew_IławaGł._WarszawaWsch.
5120/1,IC,WARMIA,OlsztynGł._Ostróda_IławaGł._Działdowo_WarszawaCentr.
5122/3,IC,MAZURY,OlsztynGł._Nidzica_Działdowo_WarszawaCentr._Skierniewice_Koluszki_ŁódźFabr.
5124/5,IC,KOPERNIK,BydgoszczGł._ToruńGł._Włocławek_Kutno_Sochaczew_WarszawaGdańska_WarszawaWsch.
5126/7,IC,MONIUSZKO,BydgoszczGł._ToruńGł._Włocławek_Kutno_Sochaczew_WarszawaGdańska_WarszawaWsch.
5126/7,IC,MONIUSZKO,BydgoszczGł._ToruńGł._IławaGł._Ciechanów_WarszawaCentr.
5128/9,IC,REJEWSKI,BydgoszczGł._ToruńGł._Włocławek_Kutno_Sochaczew_WarszawaCentr._WarszawaWsch.
5128/9,IC,REJEWSKI,BydgoszczGł._ToruńGł._IławaGł._Ciechanów_WarszawaCentr.
5130/1,IC,BRDA,BydgoszczGł._ToruńGł._Włocławek_Kutno_Sochaczew_WarszawaGdańska_WarszawaWsch.
5130/1,IC,BRDA,BydgoszczGł._ToruńGł._IławaGł._Ciechanów_WarszawaCentr.
5132/3,IC,KOCIEWIE,GdyniaGł._GdańskGł._Tczew_BydgoszczGł._ToruńGł._Kutno_ŁódźKaliska_ŁódźWidzew_ŁódźFabr.
5140/1,EIC,JANTAR,Hel_Władysławowo_GdyniaGł._GdańskGł._WarszawaZach.
5142/3,IC,LAGUNA,GdyniaGł._GdańskGł._Tczew_IławaGł._Działdowo_WarszawaCentr.
5144/5,EIC,KASZUB,GdyniaGł._GdańskGł._WarszawaZach.
5146/7,EIC,NEPTUN,GdyniaGł._GdańskGł._WarszawaZach.
52100/1,IC,KUJAWIAK,BydgoszczGł._ToruńGł._Kutno_Sochaczew_WarszawaGdańska_Pilawa_Dęblin_PuławyMiasto_LublinGł._Chełm
52150/1,TLK,MIERZEJA,Hel_GdyniaGł._Tczew_IławaGł._WarszawaWsch._Dęblin_LublinGł.
5300/1,EIP,,GdyniaGł._GdańskGł._Tczew_IławaGł._WarszawaCentr._CMK_KrakówGł.
5302/3,EIP,,GdyniaGł._GdańskGł._WarszawaCentr._CMK_KrakówGł.
5304/5,EIP,,GdyniaGł._GdańskGł._Tczew_IławaGł._WarszawaCentr._CMK_KrakówGł.
5306/7,EIP,,GdyniaGł._GdańskGł._Tczew_IławaGł._WarszawaCentr._CMK_KrakówGł.
5308/9,EIP,,GdyniaGł._GdańskGł._Tczew_IławaGł._WarszawaCentr._CMK_KrakówGł._Tarnów_RzeszówGł.
5310/1,EIP,,GdyniaGł._GdańskGł._WarszawaCentr._CMK_KrakówGł.
53102/3,TLK,LUBOMIRSKI,GdyniaGł._Tczew_IławaGł._WarszawaWsch._OpocznoPołudnie_KrakówGł.
53104/5,TLK,MAŁOPOLSKA,GdyniaGł._Tczew_IławaGł._WarszawaWsch._Skierniewice_Koluszki_TomaszówMaz.OpocznoPołudnie_KrakówGł._SuchaBeskidzkaZamek_Chabówka_Zakopane
5312/3,IC,PIAST,GdyniaGł._Tczew_BydgoszczGł._Inowrocław_PoznańGł._Leszno_WrocławGł._OpoleGł._StrzeleOpolskie_Gliwice_Katowice_Mysłowice_KrakówGł.
5314/5,IC,ARTUS,GdyniaGł._Tczew_BydgoszczGł._PoznańGł._WrocławGł._OpoleGł._Katowice_KrakówGł._RzeszówGł._PrzemyślGł.
53150/1,IC,HALNY,BydgoszczGł._Inowrocław_Gniezno_PoznańGł._Leszno_WrocławGł._OpoleGł._Bielsko_BiałaGł._Żywiec_SuchaBeskidzka_Chabówka_Zakopane
53170/1,TLK,KARPATY,GdyniaGł._Tczew_IławaGł._WarszawaWsch._Skierniewice_PiotrkówTrybunalski_Częstochowa_KrakówGł._SuchaBeskidzkaZamek_Chabówka_Zakopane
53172/3,TLK,ROZEWIE,GdyniaGł._Tczew_BydgoszczGł._InowrocławGł._Gniezno_PoznańGł._Leszno_WrocławGł._OpoleGł._Gliwice_Katowice_Mysłowice_KrakówGł.
53172/3,TLK,ROZEWIE,Hel_Władysławowo_GdyniaGł._Tczew_BydgoszczGł._InowrocławGł._Gniezno_PoznańGł._Leszno_WrocławGł._OpoleGł._Gliwice_Katowice_Mysłowice_KrakówGł.
53190/1,TLK,KORSARZ,Hel_GdyniaGł._Tczew_BydgoszczGł._Inowrocław_ŁódźWidzew_PiotrkówTrybunalski_Częstochowa_Zawiercie_KrakówGł.
5320/1,IC,ŻEROMSKI,OlsztynGł._Nidzica_Działdowo_Ciechanów_WarszawaGdańska_Warka_RadomGł._Skarżysko_Kamienna_Kielce_Miechów_KrakówGł.
5322/3,IC,SIENKIEWICZ,OlsztynGł._Ostróda_IławaGł._Ciechanów_WarszawaGdańska_Warka_RadomGł._Skarżysko_Kamienna_Kielce_Miechów_KrakówGł.
5324/5,IC,KOLBERG,OlsztynGł._Nidzica_Działdowo_Ciechanów_WarszawaGdańska_Warka_RadomGł._Skarżysko_Kamienna_Kielce_Miechów_KrakówGł.
5326/7,IC,ORŁOWICZ,OlsztynGł._Nidzica_Działdowo_Ciechanów_WarszawaGdańska_Warka_RadomGł._Skarżysko_Kamienna_Kielce_Miechów_KrakówGł.
5328/9,IC,WARMIA,OlsztynGł._Nidzica_Działdowo_WarszawaCentr._WłoszczowaPłn._Miechów_KrakówGł.
5332/3,IC,KOCHANOWSKI,BydgoszczGł._ToruńGł._Kutno_Sochaczew_WarszawaCentr._Pilawa_Dęblin_PuławyMiasto_LublinGł._StalowaWolaCharzewice_Tarnobrzeg_RzeszówGł.
5334/5,IC,KAZIMIERZ,BydgoszczGł._ToruńGł._Kutno_ŁódźKaliska_ŁódźWidzew_TomaszówMaz._WłoszczowaPłn._Miechów_KrakówGł.
5350/1,EIP,,GdyniaGł._GdańskGł._WarszawaCentr._CMK_KrakówGł.
5354/5,IC,ARTUS,Hel_Władysławowo_GdyniaGł._Tczew_BydgoszczGł._PoznańGł._WrocławGł._OpoleGł._Katowice_KrakówGł._RzeszówGł._PrzemyślGł.
5360/1,IC,WITKACY,GdyniaGł._Tczew_LaskowicePom._BydgoszczGł._ToruńGł._Kutno_ŁódźKaliska_ŁódźWidzew_TomaszówMaz._OpocznoPłd._Miechów_KrakówGł._KalwariaZeb.Lanc._Chabówka_Zakopane
5400/1,EIP,,GdyniaGł._GdańskGł._Tczew_IławaGł._WarszawaCentr._SosnowiecGł._Katowice_Zabrze_Gliwice
5402/3,EIP,,GdyniaGł._GdańskGł._Tczew_IławaGł._WarszawaCentr._SosnowiecGł._Katowice_Tychy_Bielsko_BiałaGł.
5404/5,EIP,,GdyniaGł._GdańskGł._Tczew_IławaGł._WarszawaCentr._SosnowiecGł._Katowice_Zabrze_Gliwice
5406/7,EIP,,GdyniaGł._GdańskGł._Tczew_IławaGł._WarszawaCentr._SosnowiecGł._Katowice_Tychy_Bielsko_BiałaGł.
54100/1,TLK,DOKER,GdyniaGł._Tczew_BydgoszczGł._ToruńGł._Kutno_ŁódźWidzew_PiotrkówTrybunalski_Częstochowa_Zawiercie_Katowice
54102/3,TLK,FLISAK,GdyniaGł._Tczew_Grudziądz_Płock_Kutno_ŁódźWidzew_PiotrkówTrybunalski_Częstochowa_Zawiercie_Katowice
54150/1,IC,HALNY,BydgoszczGł._Inowrocław_Gniezno_PoznańGł._Leszno_WrocławGł._OpoleGł._Rybnik_Bielsko_BiałaGł.
5420/1,IC,HUTNIK,GdyniaGł._GdańskGł._Tczew_LaskowicePom._BydgoszczGł._ToruńGł._Kutno_ŁódźKaliska_ŁódźWidzew_PiotrkówTryb._Częstochowa_Katowice_Pszczyna_Bielsko_BiałaGł.
5422/3,IC,SKARBEK,OlsztynGł._Nidzica_Działdowo_Ciechanów_WarszawaCentr._Skierniewice_Koluszki_PiotrkówTryb._Częstochowa_Katowice_Gliwice_Kędzierzyn_Koźle_Racibórz
5424/5,IC,KORMORAN,OlsztynGł._Nidzica_Działdowo_Ciechanów_WarszawaCentr._Skierniewice_Koluszki_PiotrkówTryb._Częstochowa_Katowice_Pszczyna_Bielsko_BiałaGł.
5450/1,EIC,WYSOCKI,GdyniaGł._WarszawaCentr._CMK_SosnowiecGł._Katowice_Tychy_Katowice
5450/1,EIC,WYSOCKI,GdyniaGł._WarszawaCentr._CMK_SosnowiecGł._Katowice_Tychy_Bielsko_BiałaGł.
5460/1,IC,KORMORAN,OlsztynGł._Nidzica_Działdowo_Ciechanów_WarszawaCentr._Skierniewice_Koluszki_PiotrkówTryb._Częstochowa_Katowice_Pszczyna_WisłaUzdrowisko
55104/5,IC,NIEGOCIN,Giżycko_Korsze_OlsztynGł._Elbląg_Malbork_Tczew_GdyniaGł.
55104/5,IC,NIEGOCIN,Giżycko_Korsze_OlsztynGł._Elbląg_Malbork_Tczew_GdyniaGł.
55150/1,TLK,SARBSKO,Łeba_Lębork
55156,TLK,GARDNO,Łeba_Lębork
55170,TLK,WYDMY,Łeba_Lębork_GdyniaGł.
55190/1,TLK,KORSARZ,Łeba_Lębork_GdyniaGł.
5600/1,IC,POMORZANIN,GdyniaGł._Tczew_BydgoszczGł._Inowrocław_PoznańGł._Leszno_WrocławGł._Wałbrzych_JeleniaGóra
5600/1,IC,POMORZANIN,GdyniaGł._Tczew_BydgoszczGł._Inowrocław_PoznańGł._Leszno_WrocławGł.
5602/3,IC,HEWELIUSZ,GdyniaGł._Tczew_BydgoszczGł._Inowrocław_Gniezno_PoznańGł._Leszno_WrocławGł.
5604/5,IC,MIESZKO,GdyniaGł._GdańskGł._Tczew_BydgoszczGł._Inowrocław_PoznańGł._Leszno_WrocławGł.
5604/5,IC,MIESZKO,GdyniaGł._GdańskGł._Tczew_BydgoszczGł._Inowrocław_PoznańGł._Leszno_WrocławGł.
56100/1,IC,JEZIORAK,OlsztynGł._IławaGł._ToruńGł._Inowrocław_Gniezno_PoznańGł._Leszno_WrocławGł.
56102/3,IC,MAMRY,Giżycko_OlsztynGł._IławaGł._ToruńGł._Inowrocław_Gniezno_PoznańGł._Leszno_WrocławGł.
56102/3,IC,MAMRY,Giżycko_OlsztynGł._IławaGł._ToruńGł._Inowrocław_Gniezno_PoznańGł._Leszno_WrocławGł.
56102/3,IC,MAMRY,OlsztynGł._IławaGł._ToruńGł._Inowrocław_Gniezno_PoznańGł._Leszno_WrocławGł.
56150/1,IC,LEDNICA,GdyniaGł._Tczew_BydgoszczGł._Inowrocław_PoznańGł._Leszno_WrocławGł.
5620/1,IC,SŁOWACKI,Ełk_Grajewo_Białystok_Małkinia_Tłuszcz_WarszawaCentr._Skierniewice_Koluszki_ŁódźWidzew_ZduńskaWola_OstrówWlkp._Krotoszyn_OleśnicaRataje_WrocławGł.
5700/1,IC,BAŁTYK,GdyniaGł._Tczew_LaskowicePom._BydgoszczGł._Inowrocław_Gniezno_PoznańGł.
57100/1,IC,UKIEL,OlsztynGł._IławaGł._ToruńGł._Inowrocław_Gniezno_ZielonaGóra
57102/3,IC,DRWĘCA,OlsztynGł._IławaGł._ToruńGł._Inowrocław_Gniezno_PoznańGł.
57104/5,IC,BACHUS,GdyniaGł._Tczew_BydgoszczGł._Inowrocław_PoznańGł._Zbąszynek_ZielonaGóraGł.
57106/7,IC,LEDNICA,GdyniaGł._Tczew_BydgoszczGł._Inowrocław_PoznańGł.
57108/9,IC,STOCZNIOWIEC,GdyniaGł._Tczew_BydgoszczGł._Inowrocław_Gniezno_ZielonaGóraGł.
58100/1,IC,ALBATROS,GdańskGł._Słupsk_Koszalin_SzczecinGł.
58102/3,IC,ŻUŁAWY,OlsztynGł._Elbląg_Malbork_Tczew_GdyniaGł._Słupsk_SzczecinGł.
58104/5,IC,BRYZA,OlsztynGł._IławaGł._Malbork_Tczew_GdyniaGł._Słupsk_SzczecinGł.
58106/7,IC,GRYF,OlsztynGł._Elbląg_Malbork_Tczew_GdyniaGł._Słupsk_SzczecinGł.
58108/9,IC,STAŃCZYK,OlsztynGł._Elbląg_Malbork_Tczew_GdyniaGł._Słupsk_SzczecinGł.
58108/9,IC,STAŃCZYK,OlsztynGł._Elbląg_Malbork_Tczew_GdyniaGł._Słupsk_SzczecinGł.
58110/1,TLK,BORY TUCHOLSKIE,GdyniaGł._Tczew_Chojnice_PiłaGł._Krzyż_GorzówWlkp._Kostrzyn
60105,IC,MEHOFFER,WrocławGł._WałbrzychGł._JeleniaGóra
60151,IC,ŚNIEŻKA,WrocławGł._KamieniecZąbkowicki_KłodzkoMiasto_Kudowa_Zdrój
6100/1,EIC,PANORAMA,WrocławGł._OpoleGł._Lubliniec_CzęstochowaStr._WarszawaCentr._WarszawaWsch.
6102/3,EIP,,WrocławGł._OpoleGł._Lubliniec_CzęstochowaStr._WarszawaCentr._WarszawaWsch.
61100/1,TLK,ORZESZKOWA,SzklarskaPorębaGórna_JeleniaGóra_WałbrzychGł._WrocławGł._OpoleGł._Lubliniec_Częstochowa_PiotrkówTrybunalski_Koluszki_WarszawaCentr._WarszawaWsch.
61100/1,TLK,ORZESZKOWA,JeleniaGóra_WałbrzychGł._WrocławGł._OpoleGł._Lubliniec_Częstochowa_PiotrkówTrybunalski_Koluszki_WarszawaCentr._WarszawaWsch.
61102/3,IC,DĄBROWSKA,WrocławGł._OleśnicaRataje_Krotoszyn_OstrówWlkp._ZduńskaWola_ŁódźWidzew_Skierniewice_WarszawaCentr._Małkinia_Białystok
61104/5,IC,NAŁKOWSKA,WrocławGł._OpoleGł._Lubliniec_CzęstochowaStr._PiotrówTryb._Skierniewice_WarszawaCentr._Małkinia_Białystok
61170/1,TLK,KARKONOSZE,JeleniaGóra_Wałbrzych_WrocławGł._OpoleGł._StrzelceOpolskie_Katowice_Zawiercie_Częstochowa_WarszawaCentr._WarszawaWsch.
61190/1,TLK,KARKONOSZE,SzklarskaPorębaGórna_JeleniaGóra_Wałbrzych_WrocławGł._OpoleGł._StrzelceOpolskie_Katowice_Zawiercie_Częstochowa_WarszawaCentr._WarszawaWsch.
6120/1,IC,ASNYK,WrocławGł._OleśnicaRataje_Krotoszyn_OstrówWlkp._ZduńskaWola_Pabianice_ŁódźWidzew_Koluszki_Skierniewice_WarszawaCentr._WarszawaWsch.
6122/3,IC,BACZYŃSKI,WrocławGł._OleśnicaRataje_Krotoszyn_OstrówWlkp._ZduńskaWola_ŁódźWidzew_Koluszki_Skierniewice_WarszawaCentr._WarszawaWsch.
6124/5,IC,FREDRO,WrocławGł._OpoleGł._Lubliniec_Częstochowa_PiotrkówTryb._Koluszki_Skierniewice_WarszawaGdańska_WarszawaWsch.
6126/7,IC,ŁUŻYCE,Zgorzelec_Węgliniec_Legnica_WrocławGł._OleśnicaRataje_Krotoszyn_OstrówWlkp._ZduńskaWola_ŁódźWidzew_Koluszki_Skierniewice_WarszawaGdańska_WarszawaWsch.
6128/9,IC,OLEŃKA,WrocławGł._OpoleGł._Lubliniec_Częstochowa_PiotrkówTryb._Koluszki_Skierniewice_WarszawaGdańska_WarszawaWsch.
6150/1,IC,ŚNIEŻKA,SzklarskaPorębaGórna_JeleniaGóra_WałbrzychMiasto_JaworzynaŚl._WrocławGł._OpoleGł._CzęstochowaStr._OpocznoPłd._WarszawaCentr._WarszawaWsch.
6150/1,IC,ŚNIEŻKA,SzklarskaPorębaGórna_JeleniaGóra_WałbrzychMiasto_JaworzynaŚl._WrocławGł._OpoleGł._CzęstochowaStr._OpocznoPłd._WarszawaCentr._WarszawaWsch.
62100/1,IC,BOLKO,WrocławGł._OpoleGł._Gliwice_Katowice_Zawiercie_Kielce_RadomGł._PuławyMiasto_LublinGł.
62102/3,IC,MORCINEK,WrocławGł._OpoleGł._Lubliniec_CzęstochowaStradom_Włoszczowa_Kielce_RadomGł._PuławyMiasto_LublinGł.
6220/1,IC,KONOPNICKA,WrocławGł._OleśnicaRataje_Krotoszyn_OstrówWlkp._ZduńskaWola_ŁódźWidzew_Skierniewice_Koluszki_WarszawaCentr._Pilawa_Dęblin_PuławyMiasto_LublinGł.
6300/1,IC,WYSPIAŃSKI,WrocławGł._OpoleGł._Gliwice_Katowice_KrakówGł._Tarnów_RzeszówGł._PrzemyślGł.
6304/5,IC,GROTTGER,WrocławGł._OpoleGł._Katowice_KrakówGł._RzeszówGł._PrzemyślGł.
63100/1,IC,BOZNAŃSKA,WrocławGł._OpoleGł._Katowice_KrakówGł.
63102/3,TLK,SUDETY,JeleniaGóra_WałbrzychMiasto_JaworzynaŚląska_KędzierzynKoźle_Katowice_Mysłowice_KrakówGł.
63104/5,IC,SIEMIRADZKI,WrocławGł._OpoleGł._Katowice_KrakówGł._RzeszówGł._PrzemyślGł.
63110/1,TLK,WETLINA,KłodzkoMiasto_KamieniecZąbkowicki_OpoleGł._Gliwice_Katowice_KrakówGł._Tarnów_Jasło_Zagórz
64174/5,TLK,WOLIN ,WrocławGł._OpoleGł._KędzierzynKoźle_BielskoBiałaGł.
6500/1,IC,POMORZANIN,JeleniaGóra_Wałbrzych_WrocławGł._Leszno_PoznańGł._Inowrocław_BydgoszczGł._Tczew_GdyniaGł.
6500/1,IC,POMORZANIN,WrocławGł._Leszno_PoznańGł._Inowrocław_BydgoszczGł._Tczew_GdyniaGł.
6502/3,IC,HEWELIUSZ,WrocławGł._Leszno_PoznańGł._Gniezno_Inowrocław_BydgoszczGł._Tczew_GdyniaGł.
6504/5,IC,MIESZKO,WrocławGł._Leszno_PoznańGł._Inowrocław_BydgoszczGł._Tczew_GdańskGł._GdyniaGł.
6504/5,IC,MIESZKO,WrocławGł._Leszno_PoznańGł._Inowrocław_BydgoszczGł._Tczew_GdańskGł._GdyniaGł.
65100/1,IC,JEZIORAK,WrocławGł._Leszno_PoznańGł._Gniezno_Inowrocław_ToruńGł._IławaGł._OlsztynGł.
65102/3,IC,MAMRY,WrocławGł._Leszno_PoznańGł._Gniezno_Inowrocław_ToruńGł._IławaGł._OlsztynGł._Giżycko
65102/3,IC,MAMRY,WrocławGł._Leszno_PoznańGł._Gniezno_Inowrocław_ToruńGł._IławaGł._OlsztynGł._Giżycko
65102/3,IC,MAMRY,WrocławGł._Leszno_PoznańGł._Gniezno_Inowrocław_ToruńGł._IławaGł._OlsztynGł.
65150/1,IC,LEDNICA,WrocławGł._Leszno_PoznańGł._Inowrocław_BydgoszczGł._Tczew_GdyniaGł.
6520/1,IC,SŁOWACKI,WrocławGł._OleśnicaRataje_Krotoszyn_OstrówWlkp._ZduńskaWola_ŁódźWidzew_Koluszki_Skierniewice_WarszawaCentr._Tłuszcz_Małkinia_Białystok_Grajewo_Ełk
66104,IC,MEHOFFER,JeleniaGóra_WałbrzychGł._WrocławGł.
66150,IC,ŚNIEŻKA,Kudowa_Zdrój_KłodzkoMiasto_KamieniecZąbkowicki_WrocławGł.
68100/1,IC,BOSMAN,WrocławGł._Rawicz_Leszno_PoznańGł._PiłaGł._Białogard_Kołobrzeg
68100/1,IC,BOSMAN,WrocławGł._Leszno_PoznańGł._PiłaGł._Białogard_Kołobrzeg
68102/3,IC,SZKUNER,WrocławGł._Leszno_PoznańGł._PiłaGł._Koszalin_Słupsk
68104/5,IC,SWAROŻYC,WrocławGł._ZielonaGóraGł._Kostrzyn_SzczecinDąbie_SzczecinGł.
68154/5,IC,SWAROŻYC,WrocławGł._Głogów_ZielonaGóraGł._Kostrzyn_SzczecinDąbie_Kołobrzeg
68176/7,IC,JAMNO,WrocławGł._Leszno_PoznańGł._PiłaGł._Koszalin_Słupsk_Ustka
71100/1,IC,DIONIZOS,ZielonaGóraGł._Zbąszynek_PoznańGł._Września_Kutno_Sochaczew_WarszawaCentr._WarszawaWsch.
71100/1,IC,DIONIZOS,ZielonaGóraGł._Zbąszynek_PoznańGł._Września_Kutno_Sochaczew_WarszawaCentr._WarszawaWsch.
71102/3,IC,ZIELONOGÓRZANIN,ZielonaGóraGł._Zbąszynek_PoznańGł._Gniezno_InowrocławRąbinek_PiotrkówKuj._Kutno_Sochaczew_WarszawaCentr._WarszawaWsch.
71104/5,IC,WARTA,PoznańGł._Września_Konin_Kutno_Sochaczew_WarszawaCentr._WarszawaWsch.
7200/1,IC,HETMAN,ZielonaGóraGł._Legnica_WrocławGł._OpoleGł._Gliwice_Katowice_KrakówGł._Tarnów_RzeszówGł._Leżajsk_StalowaWolaRozwadów_Kraśnik_LublinGł.
72100/1,IC,LUBUSZANIN,ZielonaGóraGł._Zbąszynek_PoznańGł._Września_Konin_Kutno_Sochaczew_WarszawaCentr._Otwock_Pilawa_Dęblin_PuławyMiasto_LublinGł.
72102/3,IC,WIENIAWSKI,PoznańGł._Jarocin_Kalisz_ZduńskaWola_Pabianice_ŁódźWidzew_TomaszówMaz._RadomGł._PuławyMiasto_LublinGł.
7300/1,IC,ŚLĄZAK,PoznańGł._WrocławGł._OpoleGł._Katowice_KrakówGł._RzeszówGł._PrzemyślGł.
73100/1,IC,PUŁASKI,PoznańGł._OstrówWlkp._Kluczbork_CzęstochowaStradom_Zawiercie_Trzebinia_KrakówGł.
73100/1,TLK,PUŁASKI,PoznańGł._OstrówWlkp._Kluczbork_Lubliniec_CzęstochowaStradom_Zawiercie_KrakówGł.
73102/3,IC,WYBICKI,PoznańGł._OstrówWlkp._Kluczbork_CzęstochowaStradom_Zawiercie_Trzebinia_KrakówGł.
73102/3,IC,WYBICKI,PoznańGł._OstrówWlkp._Lubliniec_CzęstochowaStradom_Zawiercie_KrakówGł.
73104/5,IC,MEHOFFER,ZielonaGóraGł._Legnica_WrocławGł._OpoleGł._Lubliniec_CzęstochowaStradom_Koniecpol_KrakówGł._RzeszówGł._PrzemyślGł.
7320/1,IC,CEGIELSKI,PoznańGł._Jarocin_Kalisz_ZduńskaWola_Pabianice_ŁódźWidzew_TomaszówMaz._OpocznoPłd._Miechów_KrakówGł.
7322/3,IC,BARBAKAN,PoznańGł._Września_Konin_Kutno_ŁódźKaliska_ŁódźWidzew_TomaszówMaz._OpocznoPłd._Miechów_KrakówGł.
74100/1,IC,SPODEK,PoznańGł._OstrówWlkp._Kluczbork_Lubliniec_Gliwice_Katowice
74100/1,TLK,SPODEK,PoznańGł._OstrówWlkp._Kluczbork_Lubliniec_Gliwice_Katowice
7500/1,IC,BAŁTYK,PoznańGł._Gniezno_Inowrocław_BydgoszczGł._LaskowicePom._Tczew_GdyniaGł.
75100/1,IC,UKIEL,ZielonaGóraGł._Gniezno_Inowrocław_ToruńGł._IławaGł._OlsztynGł.
75102/3,IC,DRWĘCA,PoznańGł._Gniezno_Inowrocław_ToruńGł._IławaGł._OlsztynGł.
75104/5,IC,BACHUS,ZielonaGóraGł._Zbąszynek_PoznańGł._Inowroclaw_BydgoszczGł._Tczew_GdyniaGł.
75106/7,IC,LEDNICA,PoznańGł._Inowrocław_BydgoszczGł._Tczew_GdyniaGł.
75108/9,IC,STOCZNIOWIEC,ZielonaGóraGł._Gniezno_Inowrocław_BydgoszczGł._Tczew_GdyniaGł.
78101,IC,DIONIZOS,Zbąszynek_Międzyrzecz_Skwierzyna_GorzówWlkp.
78103,IC,LUBUSZANIN,Zbąszynek_Międzyrzecz_Skwierzyna_GorzówWlkp.
78172/3,IC,PRZEMYŚLANIN,PoznańGł._PiłaGł._Koszalin_Słupsk_Ustka
80104,IC,ZAMOYSKI,GorzówWlkp._Krzyż_Trzcianka_PiłaGł.
80150,IC,ROWOKÓŁ,Ustka_Słupsk
8100/1,EIC,CHROBRY,SzczecinGł._Stargard_Krzyż_PoznańGł._Kutno_WarszawaCentr._WarszawaWsch.
81100/1,IC,GAŁCZYŃSKI,SzczecinGł._SzczecinDąbie_Krzyż_PoznańGł._Kutno_Sochaczew_WarszawaCentr._WarszawaWsch.
81100/1,IC,GAŁCZYŃSKI,Świnoujście_WysokaKamieńska_Goleniów_SzczecinGł._SzczecinDąbie_Krzyż_PoznańGł._Kutno_Sochaczew_WarszawaCentr._WarszawaWsch.
81102/3,IC,PODLASIAK,Świnoujście_Goleniów_SzczecinGł._Stargard_Krzyż_PoznańGł._Września_Kutno_Sochaczew_WarszawaCentr._Małkinia_Białystok_Sokółka_Suwałki
81104/5,IC,RYBAK,SzczecinGł._Słupsk_GdyniaGł._Tczew_Elbląg_OlsztynGł._Szczytno_Pisz_Ełk_Białystok
81106/7,IC,MEWA,Świnoujście_Goleniów_SzczecinGł._Stargard_Krzyż_PoznańGł._Września_Konin_Kutno_Sochaczew_WarszawaCentr._WarszawaWsch.
81108/9,IC,WŁÓKNIARZ,SzczecinGł._Stargard_Krzyż_PoznańGł._Jarocin_Kalisz_ZduńskaWola_Pabianice_ŁódźWidzew_ŁódźFabr.
81108/9,TLK,WŁÓKNIARZ,SzczecinGł._Krzyż_PoznańGł._Kalisz_ŁódźFabryczna
81108/9,TLK,WŁÓKNIARZ,PoznańGł._Kalisz_ŁódźFabryczna
81110/1,IC,NOTEĆ,PiłaGł._NakłonadNotecią_BydgoszczGł._ToruńGł._Włocławek_Kutno_Sochaczew_WarszawaGdańska_WarszawaWsch.
81114/5,IC,POBRZEŻE,Kołobrzeg_Koszalin_Słupsk_Lębork_GdyniaGł._Tczew_IławaGł._Ciechanów_WarszawaCentr._Skierniwice_Ł.Widzew_ŁódźFabr.
81150/1,IC,SŁUPIA,Kołobrzegdo.VIiod.IX_Kołobrzegod.VIdo.IX_Koszalin_Słupsk_Lębork_GdyniaGł._Tczew_IławaGł._Ciechanów_WarszawaCentr._Skierniewice_ŁódźWidzew_do.VIiod.IXŁódźKaliska_od.VIdo.IXŁódźKaliska
81152/3,IC,PARSĘTA,Kołobrzeg_UstronieMorskie_Koszalin_Słupsk_Lębork_GdyniaGł._Tczew_IławaGł._Ciechanów_WarszawaCentr._Skierniewice_ŁódźWidzew_ŁódźFabr.
81154/5,IC,LAZUR,Ustka_Słupsk_Lębork_GdyniaGł._Tczew_IławaGł._Ciechanów_WarszawaCentr._Skierniewice_ŁódźWidzew_ŁódźFabr.
81154/5,IC,LAZUR,Ustka_Słupsk_Lębork_GdyniaGł._Tczew_IławaGł._Ciechanów_WarszawaCentr._WarszawaZach.
81170/1,TLK,UZNAM,Świnoujście_Goleniów_SzczecinGł._SzczecinDąbie_Kostrzyn_Zbąszynek_PoznańGł._Kutno_WarszawaCentr._WarszawaWsch.
81170/1,TLK,UZNAM,Świnoujście_Goleniów_SzczecinGł._SzczecinDąbie_Kostrzyn_Zbąszynek_PoznańGł._Kutno_WarszawaGdańska_WarszawaWsch.
81170/1,TLK,UZNAM,Świnoujście_Goleniów_SzczecinGł._Kostrzyn_Zbąszynek_PoznańGł._Kutno_WarszawaCentr._WarszawaWsch.
8150/1,EIC,POSEJDON,Kołobrzeg_Koszalin_Słupsk_Lębork_GdyniaGł._Tczew_IławaGł._WarszawaZach.
82100/1,TLK,STASZIC,SzczecinGł._Wałcz_PiłaGł._BydgoszczGł._ToruńGł._Włocławek_Kutno_WarszawaWsch._Dęblin_LublinGł.
82102/3,TLK,WYCZÓŁKOWSKI,Świnoujście_Goleniów_SzczecinGł.*_Kostrzyn_ZielonaGóraGł._Legnica_WrocławGł._OpoleGł._CzęstochowaStr._Kielce_Radom_LublinGł.
82104/5,IC,ZAMOYSKI,Kołobrzeg_Białogard_PiłaGł._BydgoszczGł._Włocławek_Kutno_Sochaczew_WarszawaCentr._Dęblin_LublinGł._Zawada_HrubieszówMiasto
8300/1,EIP,,Kołobrzeg_Koszalin_Słupsk_GdyniaGł._WarszawaCentr._CMK_KrakówGł.
8304/5,IC,MATEJKO,SzczecinGł._SzczecinDąbie_Rzepin_ZielonaGóraGł._Wołów_WrocławGł._OpoleGł._Kędzierzyn_Koźle_Katowice_KrakówGł._RzeszówGł._PrzemyślGł.
8306/7,IC,MALCZEWSKI,Kołobrzeg_Białogard_PiłaGł._PoznańGł._Leszno_WrocławGł._OpoleGł._Gliwice_Katowice_KrakówGł.
8306/7,IC,MALCZEWSKI,Kołobrzeg_Białogard_PiłaGł._PoznańGł._Leszno_WrocławGł._OpoleGł._Gliwice_Katowice_KrakówGł.
83100/1,IC,GÓRSKI  ,SzczecinGł._Stargard_Krzyż_PoznańGł._Konin_Kutno_Sochaczew_WarszawaCentr._Pilawa_Dęblin_LublinGł._StalowaWolaCharzewice_Tarnobrzeg_RzeszówGł.
83102/3,IC,OSTERWA,SzczecinGł._Stargard_Krzyż_PoznańGł._OstrówWlkp._Lubliniec_Gliwice_Katowice_Trzebinia_KrakówGł.
83102/3,IC,OSTERWA,SzczecinGł._Stargard_PoznańGł._OstrówWlkp._Lubliniec_Gliwice_Katowice_KrakówGł.
83104/5,IC,CHEŁMOŃSKI,Świnoujście_SzczecinDąbie_ZielonaGóraGł._Legnica_WrocławGł._OpoleGł._Kędzierzyn_Koźle_Katowice_KrakówGł.
83106/7,IC,ZEFIR,PiłaGł._PoznańGł._OstrówWlkp._Kępno_CzęstochowaStr._Koniecpol_Miechów_KrakówGł.
83150/1,IC,KRAKOWIANKA,Kołobrzeg_Białogard_PiłaGł._PoznańGł._Leszno_WrocławGł._OpoleGł._Gliwice_Katowice_Trzebinia_KrakówGł.
83152/3,TLK,LUBOMIRSKI,Kołobrzeg_GdyniaGł._Tczew_IławaGł._WarszawaZach._WłoszczowaPółnoc_KrakówGł.
83156/7,IC,JAMNO,Ustka_Słupsk_Koszalin_PiłaGł._PoznańGł._Leszno_WrocławGł._OpoleGł._Lubliniec_CzęstochowaStradom_Koniecpol_KrakówGł.
83170/1,TLK,USTRONIE,Kołobrzeg_Słupsk_GdyniaGł._Tczew_IławaGł._WarszawaWsch._Dęblin_Radom_SkarżyskoKam._Kielce_KrakówGł.
83170/1,TLK,USTRONIE,Kołobrzeg_Słupsk_GdyniaGł._Tczew_IławaGł._WarszawaWsch._Radom_SkarżyskoKam._Kielce_KrakówGł.
83172/3,IC,PRZEMYŚLANIN,Świnoujście_Goleniów_SzczecinGł._Stargard_PoznańGł._Leszno_WrocławGł._Gliwice_Katowice_KrakówGł._RzeszówGł._PrzemyślGł.
83174/5,TLK,WOLIN ,Świnoujście_SzczecinDąbie_Kostrzyn_ZielonaGóra_Legnica_WrocławGł._StrzelceOpolskie_Gliwice_Katowice_KrakówGł.
83190/1,IC,BURSZTYN,Kołobrzeg_Białogard_PiłaGł._BydgoszczGł._ŁódźWidzew_PiotrówTryb._Częstochowa_Zawiercie_Trzebinia_KrakówGł.
83192/3,IC,PODHALANIN,SzczecinGł._SzczecinDąbie_Krzyż_PoznańGł._ŚrodaWlkp._OstrówWlkp._Lubliniec_Gliwice_Katowice_Bielsko_BiałaGł._Wadowice_Chabówka_Zakopane
8340/1,EIP,,Kołobrzeg_Koszalin_Słupsk_GdyniaGł._Tczew_IławaGł._WarszawaCentr._CMK_KrakówGł.
84100/1,IC,GWAREK,Słupsk_Koszalin_PiłaGł._PoznańGł._Leszno_WrocławGł._OpoleGł._Katowice
84102/3,IC,SZYNDZIELNIA,Ustka_Słupsk_Koszalin_PiłaGł._PoznańGł._Leszno_WrocławGł._OpoleGł._Kędzierzyn_Koźle_Rybnik_Bielsko_BiałaGł.
84150/1,IC,GWAREK,Ustka_Słupsk_Koszalin_PiłaGł._PoznańGł._Leszno_WrocławGł._OpoleGł._Katowice
8450/1,EIC,FREGATA,Kołobrzeg_UstronieMorskie_Koszalin_Słupsk_Lębork_GdyniaGł._WarszawaCentr._CMK_SosnowiecGł._Katowice_Tychy_Bielsko_BiałaGł.
85100/1,IC,ALBATROS,SzczecinGł._Koszalin_Słupsk_GdańskGł.
85102/3,IC,ŻUŁAWY,SzczecinGł._Słupsk_GdyniaGł._Tczew_Malbork_Elbląg_OlsztynGł.
85104/5,IC,BRYZA,SzczecinGł._Słupsk_GdyniaGł._Tczew_Malbork_IławaGł._OlsztynGł.
85106/7,IC,GRYF,SzczecinGł._Słupsk_GdyniaGł._Tczew_Malbork_Elbląg_OlsztynGł.
85108/9,IC,STAŃCZYK,SzczecinGł._Słupsk_GdyniaGł._Tczew_Malbork_Elbląg_OlsztynGł.
85108/9,IC,STAŃCZYK,SzczecinGł._Słupsk_GdyniaGł._Tczew_Malbork_Elbląg_OlsztynGł.
85110/1,TLK,BORY TUCHOLSKIE,Kostrzyn_GorzówWlkp._Krzyż_PiłaGł._Chojnice_Tczew_GdyniaGł.
86100/1,IC,BOSMAN,Kołobrzeg_Białogard_PiłaGł._PoznańGł._Leszno_Rawicz_WrocławGł.
86100/1,IC,BOSMAN,Kołobrzeg_Białogard_PiłaGł._PoznańGł._Leszno_WrocławGł.
86102/3,IC,SZKUNER,Słupsk_Koszalin_PiłaGł._PoznańGł._Leszno_WrocławGł.
86104/5,IC,SWAROŻYC,SzczecinGł._SzczecinDąbie_Kostrzyn_ZielonaGóraGł._WrocławGł.
86154/5,IC,SWAROŻYC,Kołobrzeg_SzczecinDąbie_Kostrzyn_ZielonaGóraGł._WrocławGł.
86156/7,IC,JAMNO,Ustka_Słupsk_Koszalin_PiłaGł._PoznańGł._Leszno_WrocławGł._OpoleGł._Lubliniec_CzęstochowaStradom_Koniecpol_WrocławGł.
87100,IC,DIONIZOS,GorzówWlkp._Skwierzyna_Międzyrzecz_Zbąszynek
87102,IC,LUBUSZANIN,GorzówWlkp._Skwierzyna_Międzyrzecz_Zbąszynek
87172/3,IC,PRZEMYŚLANIN,Ustka_Słupsk_Koszalin_PiłaGł._PoznańGł.
88105,IC,ZAMOYSKI,PiłaGł._Trzcianka_Krzyż_GorzówWlkp.
88150,IC,ROWOKÓŁ,Słupsk_Ustka
9102/3,IC,ŁĘCKA,ŁódźFabr._Skierniewice_Koluszki_WarszawaGdańska_WarszawaWsch.
9102/3,IC,ŁĘCKA,ŁódźFabr._Skierniewice_Koluszki_WarszawaGdańska_WarszawaWsch.
9104/5,IC,PRZĄŚNICZKA,ŁódźFabr._Koluszki_Skierniewice_WarszawaGdańska_WarszawaWsch.
9106/7,IC,RUBINSTEIN,ŁódźFabr._ŁódźWidzew_Skierniewice_WarszawaCentr._WarszawaWsch.
9108/9,IC,JAGNA,ŁódźFabr._Koluszki_Skierniewice_WarszawaGł.
9108/9,IC,JAGNA,ŁódźFabr._Koluszki_Skierniewice_WarszawaGł.
9110/1,IC,TUWIM,ŁódźFabr._Koluszki_Skierniewice_WarszawaGł.
91100/1,IC,ŁODZIANIN,ŁódźFabr._ŁódźWidzew_Koluszki_Skierniewice_WarszawaGdańska_WarszawaWsch.
9112/3,IC,SOPLICA,ŁódźFabr._Koluszki_Skierniewice_WarszawaGdańska_WarszawaWsch.
91130/1,IC,ZOSIA,ŁódźFabr._ŁódźWidzew_Koluszki_Skierniewice_WarszawaCentr._WarszawaWsch.
91132/3,IC,KORCZAK,ŁódźFabr._ŁódźWidzew_Koluszki_Skierniewice_WarszawaCentr._WarszawaWsch.
91132/3,IC,,ŁódźFabr._ŁódźWidzew_Koluszki_Skierniewice_WarszawaCentr._WarszawaWsch.
